genome	genotype	clade	MDR
ERR573926	0.0.3	6	0
ERR573932	3.1.1	6	1
ERR573934	0.0.3	6	0
ERR573938	3.1.1	6	1
ERR573941	2.3.1	3	0
ERR573942	2.3.1	3	0
ERR573943	3.1.1	6	1
ERR573944	3.1.1	6	1
ERR573945	4.1	5	0
ERR573947	3.1.1	6	1
ERR573948	3.1.1	6	1
ERR573949	3.1.1	6	1
ERR573950	3.1.1	6	1
ERR573952	3.1.1	6	1
ERR573954	3.1.1	6	1
ERR573955	3.1.1	6	1
ERR573956	3.1.1	6	1
ERR573957	3.1.1	6	1
ERR573959	3.1.1	6	1
ERR573960	3.1.1	6	1
ERR573961	0.0.3	6	0
ERR573962	4.1.1	9	0
ERR573964	0.0.3	6	0
ERR573966	3.1.1	6	1
ERR573968	4.1	5	0
ERR573969	3.1.1	6	1
ERR573971	3.1.1	6	0
ERR573972	0.0.3	6	0
ERR573973	3.1.1	6	1
ERR657370	3.1.1	6	1
ERR657371	3.1.1	6	1
ERR657372	2.2	6	0
ERR657373	3.1.1	6	0
ERR657374	3.1.1	6	0
ERR657375	2.3.1	3	0
ERR657377	3.3	6	0
ERR657378	3.1.1	6	1
ERR657379	2.2	6	0
ERR657381	2.2	6	0
ERR657382	2.2	6	0
ERR657383	2.3.1	3	0
ERR657385	3.1.1	6	1
ERR657389	2.2	6	0
ERR657390	2.1	1	0
ERR657393	3.1.1	6	1
ERR657394	3.1.1	6	1
ERR657396	3.1.1	6	1
ERR657397	3.1.1	6	0
ERR657401	3.1.1	6	0
ERR657403	3.1.1	6	0
ERR657407	3.1.1	6	1
ERR657408	3.1.1	6	0
ERR657410	3.1.1	6	1
ERR657412	3.1.1	6	1
ERR657413	3.1.1	6	1
ERR657414	3.1.1	6	1
ERR657415	3.1.1	6	1
ERR657417	3.1.1	6	0
ERR657419	3.1.1	6	1
ERR657420	2.3.2	4	0
ERR657421	3.1.1	6	1
ERR657422	3.1.1	6	1
ERR657423	2.2	6	0
ERR657424	3.1.1	6	0
ERR657425	2.3.1	3	0
ERR657426	3.1.1	6	0
ERR657427	2.3.1	3	0
ERR657428	3.1.1	6	1
ERR657429	3.1.1	6	1
ERR657432	2.3.1	3	0
ERR657433	3.1.1	6	1
ERR657434	2.2	6	0
ERR657435	3.1.1	6	0
ERR657437	2.2	6	0
ERR657439	2.3.1	3	0
ERR657442	2.2	6	0
ERR657444	2.2	6	0
ERR657446	2.3.1	3	0
ERR657447	3.1.1	6	0
ERR657448	3.1.1	6	1
ERR657449	3.1.1	6	1
ERR657451	2.2	6	0
ERR657452	2.3.1	3	0
ERR657453	2.1	1	0
ERR657454	3.1.1	6	1
ERR731345	3.3	6	0
ERR731346	3.1.1	6	1
ERR731350	3.1.1	6	1
ERR731351	3.1.1	6	1
ERR731352	3.1.1	6	1
ERR731355	3.1.1	6	1
ERR731356	3.1.1	6	1
ERR731357	2.3.1	3	0
ERR731358	0.0.1	2	0
ERR731359	3.1.1	6	0
ERR731360	0.0.3	6	0
ERR731361	4.1	5	0
ERR731363	3.1.1	6	1
ERR731364	3.1.1	6	0
ERR731365	3.1.1	6	0
ERR731366	3.1.1	6	1
ERR731367	4.1	5	0
ERR731368	0.0.3	6	0
ERR731369	2.2	7	0
ERR731370	3.1.1	6	1
ERR731371	2.2	8	0
ERR731372	2.3.1	3	0
ERR731373	3.1.1	6	1
ERR731374	3.1.1	6	1
ERR731375	3.1.1	6	1
ERR731378	3.1.1	6	1
ERR731379	3.1.1	6	0
ERR731380	3.1.1	6	1
ERR731382	3.1.1	6	1
ERR731384	4.1	5	0
ERR731386	3.1.1	6	1
ERR731387	3.1.1	6	1
ERR731388	3.1.1	6	0
ERR731389	2.3.1	3	0
ERR731390	3.1.1	6	1
ERR731391	3.1.1	6	0
ERR731392	3.1.1	6	1
ERR731393	2.3.2	10	0
ERR731394	3.1.1	6	1
ERR731395	2.3.1	3	0
ERR731396	3.1.1	6	0
ERR731397	3.1.1	6	1
ERR731398	3.1.1	6	1
ERR731399	3.1.1	6	0
ERR731401	0.0.3	6	0
ERR731403	2.3.1	3	0
ERR731404	3.1.1	6	0
ERR731405	3.1.1	6	1
ERR731406	0.0.1	2	0
ERR731407	3.1.1	6	0
ERR731408	4.1	5	0
ERR731409	4.1	5	0
ERR731410	3.1.1	6	1
ERR731413	3.1.1	6	1
ERR731414	3.1.1	6	1
ERR731415	2.2	6	0
ERR731416	2.1	1	0
ERR731418	3.1.1	6	1
ERR731419	2.2	6	0
ERR731421	3.1.1	6	1
ERR731422	3.1.1	6	1
ERR731424	3.1.1	6	1
ERR731426	3.1.1	6	1
ERR731427	2.3.1	3	0
ERR731429	3.1.1	6	1
ERR731430	3.1.1	6	0
ERR731432	4.1	5	0
ERR731433	3.1.1	6	1
ERR731434	2.1	1	0
ERR731435	2.3.1	3	0
ERR731436	3.1.1	6	1
ERR731438	3.1.1	6	0
