pos	importance	minor_count	minor_in_MDR
3128443	0.03535243900351323	34	0
4104935	0.03533269754701528	15	0
2216814	0.032520685163968215	15	0
4374703	0.02997598771126193	8	0
2336707	0.029414352277662245	10	0
1940322	0.02783385633619939	13	10
2609497	0.027481587004004725	8	0
2700446	0.02381010866802243	14	0
2196529	0.022554475523353972	8	0
4086161	0.019488541684589508	8	0
4095861	0.017371683669642608	4	0
638595	0.01730200456488274	4	0
4595835	0.016253432134870245	4	0
873525	0.016160605933430477	8	0
3805448	0.01345804264903916	8	0
887394	0.012902807649138376	11	0
1205938	0.011926999614589229	8	0
2976011	0.011690520421748802	11	0
927540	0.010723955712923762	10	0
2171270	0.010053056004304789	2	0
4635125	0.009161932332338227	10	0
2460564	0.009153751694178647	3	0
3856269	0.008854972432716282	10	0
1336316	0.008800811786291643	2	0
1054855	0.008697251450800456	11	11
2410862	0.008265037481064004	3	0
2962601	0.007685256878548299	2	0
4633407	0.00714698530412555	3	2
621662	0.007026058026106458	11	10
4058906	0.006862950479632462	2	0
2735759	0.006691927431078781	13	12
4001843	0.0059379252986749365	3	3
908765	0.005884531076596936	3	3
2981496	0.00517656983846644	19	0
2913657	0.004929690591928385	13	12
4005473	0.004866662085529783	19	0
2923575	0.004553635808213013	5	0
3713298	0.004473360752860858	5	0
1711057	0.004176437056352979	19	0
3450732	0.004165688245231701	13	12
895471	0.004064515261732755	19	0
4719118	0.0038880889007194782	19	0
2122380	0.003879634955789498	5	0
2598903	0.0038100707517565295	5	0
1331291	0.00380223726165133	2	0
3305943	0.0037843909583443604	5	0
1557449	0.00377437855638168	5	0
2785881	0.003772632569956741	19	0
2755378	0.003634103413672828	6	6
296168	0.003631488086333397	19	0
1694073	0.0036304496356642122	5	0
1006136	0.003625500588536889	2	0
2521663	0.0035453436715168246	6	0
1412829	0.003517035004545706	19	0
1934711	0.0035151549668262427	19	0
1718124	0.003458740367623774	19	0
212654	0.003416141893851715	6	6
4070938	0.003326181460792744	19	0
1839374	0.0032812123454850853	5	0
3095443	0.0032694314136673857	19	0
1873385	0.00325121413311821	18	0
2793929	0.0032254081613110504	19	0
3945958	0.0030868624226654522	5	0
58158	0.00305717174072901	5	0
2245065	0.0030468176834532036	5	0
3780646	0.0030166415957393676	19	0
2967796	0.0029639226070305464	6	6
2803314	0.0029599900598045684	19	0
3846619	0.002872016161373686	18	0
657972	0.002832322437491064	19	0
2070334	0.002809364417173703	19	0
1027854	0.0027854758533522456	19	0
925998	0.0027749289155963295	18	0
833633	0.002740774976844292	19	0
991293	0.002662182281197631	2	1
4669718	0.0026359789616394865	19	0
2041640	0.002589340786503497	2	1
1256103	0.002553141459576147	3	3
2125357	0.0025403526829565985	19	0
1505479	0.0024617331928425377	18	0
847284	0.0024548549571519313	5	0
2235058	0.002454099761923573	19	0
732435	0.00243394299569394	6	6
1092870	0.0022151639324716854	9	0
1851981	0.002169265749907071	2	1
737470	0.0021592739648294	2	1
2610833	0.002150554155054113	2	0
547113	0.0021472983850345474	18	0
1172867	0.0021291048018834417	19	0
1326418	0.0020887543014047245	18	0
1520015	0.0020871582643352876	9	0
2927856	0.0020440995096118117	19	0
1241623	0.0019663007209569285	9	0
2751236	0.0019594422644021127	9	0
4315209	0.0019488594697647974	18	0
3788786	0.0019347253667129458	18	0
272059	0.0019031075373087938	9	0
612535	0.0018490929214525454	9	0
3434756	0.0018420179895369945	9	0
1476808	0.0018326109260357489	2	1
976044	0.0017680495838492136	19	0
1700099	0.0017545302124181523	18	0
2219655	0.001747000499960772	9	0
3038753	0.0017131154730118709	18	0
3484909	0.0017019090812580484	9	0
2157050	0.0016850062453706532	9	0
2457663	0.0016792704923705246	9	0
582749	0.0016729025234736114	9	0
2796634	0.0016509533341406888	9	0
354895	0.0016346721035005699	9	0
3064412	0.001624469179186813	18	0
3217295	0.00161531892853528	9	0
1546849	0.0015965851196104478	17	0
3179172	0.0015867352257981865	9	0
3479364	0.0015576669597630796	2	0
1564004	0.0015466904368974348	9	0
1564406	0.0015038871929549476	9	0
4066854	0.0014819510659102291	2	2
610111	0.001481480625063565	9	0
1784272	0.001469644364735782	9	0
410636	0.001466161648957962	18	0
4363386	0.001447746943621631	2	2
2543029	0.0014336563839251449	9	0
646727	0.0014230680880041675	18	0
1755898	0.001420445661642141	9	0
552803	0.0014188328885197503	9	0
2219654	0.0014135743410087283	9	0
1660242	0.0014010627910271565	2	0
3122432	0.0013995192293129854	2	1
3877748	0.0013950257449869877	9	0
2839812	0.0013947851487930507	18	0
4081497	0.001387790605700266	9	0
1875747	0.0013835233698958243	9	0
1832572	0.0013709728156718537	9	0
4148498	0.0013592666467738212	18	0
553578	0.0013564622586343207	18	0
2711975	0.0013534031451069362	18	1
3064413	0.0013457496455215679	18	0
4396951	0.00134420567703083	9	0
4619720	0.0013366511931242118	9	0
2195467	0.0013293289530629457	18	0
2932803	0.0013234203869568098	9	0
1615350	0.001319150185501746	9	0
624836	0.0013028654765840399	9	0
3416074	0.0013002112341288527	18	0
4759129	0.001294369842925799	9	0
2746073	0.0012759699445820236	9	0
1601413	0.0012507467447828555	9	0
3592213	0.001232042993703824	18	0
262651	0.001228003898882648	18	0
2743543	0.0012189419490808671	9	0
909756	0.0012097126824185268	18	0
2212276	0.0012010675103934763	9	0
27750	0.0011852685638761877	17	0
381514	0.0011679379492747707	9	0
1302907	0.0011627557168297955	9	0
3148421	0.0011454978507916354	2	0
860662	0.0011385888700177508	18	0
3918596	0.0011355341857171193	9	0
1316960	0.0011204369811893629	9	0
360661	0.0011088104590808963	18	0
2891240	0.0010917914152324714	17	0
2332398	0.0010519163150766809	9	0
2342045	0.001034284667172752	9	0
2125378	0.001019067324639935	17	0
1531640	0.0010105048144843714	9	0
3563369	0.0010095974864356516	9	0
427985	0.0009902217460451104	8	0
2631711	0.0009829621040307655	18	0
1826059	0.0009742605981559167	2	2
501060	0.0009620112391353458	2	0
1818219	0.0009552056644019655	18	0
1582390	0.000945832956818151	8	0
2647676	0.0009427129825316545	9	0
3126273	0.0009270410849461688	9	0
2639015	0.0009227582110763056	8	0
3591247	0.0009120865801078661	18	0
741943	0.00090547659035157	2	0
175120	0.0009026148596030914	9	0
2878049	0.0008949496391279758	17	0
2142265	0.0008861596635224585	2	0
2998327	0.0008859688134889558	2	2
2325458	0.0008836878893820802	2	2
936286	0.000878592482035779	9	0
522454	0.0008763375483021372	18	0
3225500	0.0008728970524741907	4	0
2090176	0.0008712227200737187	9	0
3390011	0.0008658312996105886	2	0
1784324	0.0008644050872705002	9	0
207197	0.0008614898851050479	18	0
4760967	0.0008526905497799073	4	0
2463292	0.0008471276755772463	17	0
3089267	0.0008348660365471703	17	0
490361	0.0008329482277285277	9	0
3567471	0.0008260862426445445	2	0
3841969	0.0008194197960303938	9	0
2070766	0.0008103933953281142	17	0
4670977	0.000801353292038515	2	0
2741773	0.00078599843015967	9	0
3048757	0.0007635569486066547	18	0
3361086	0.0007616827075859583	9	0
4135597	0.0007518952437407739	2	2
2987900	0.0007498550244655213	2	0
1175913	0.0007427876204529729	17	0
4732695	0.0007419792497721664	2	0
4070889	0.0007386091551131129	4	0
4221169	0.0007312592295348562	2	2
1269646	0.0007228754185461845	9	0
544353	0.0007178583857397891	8	0
2876741	0.0007153926492627256	2	2
4673784	0.0007153399719567356	2	0
964440	0.0007147276524832668	18	0
406672	0.0007145140424269993	2	2
4637033	0.0007117095270773747	2	0
3048613	0.00070451902477601	18	0
1157624	0.0006951422296225603	8	0
4244298	0.0006893820937865411	2	0
500726	0.0006883395147558931	8	0
1139189	0.0006823884378284368	17	0
3133367	0.0006823842917267225	4	4
2485530	0.0006724285578228192	2	0
1481653	0.0006668192336497387	4	0
651929	0.0006663364534772549	9	0
4785254	0.0006659536803860183	4	4
2506725	0.0006597847665426588	4	0
4065188	0.0006594207144373381	4	3
1880209	0.0006583002073175841	4	0
609308	0.0006580400869477269	9	0
4667942	0.0006571570527903151	2	0
1987307	0.000649577879419586	4	0
2610728	0.0006472966908291354	2	0
36076	0.0006280976895518444	18	0
3425240	0.0006269228687402526	2	0
328298	0.000625858511394685	2	2
4580600	0.0006241558916628882	9	0
3098925	0.000620693983470856	4	0
2361490	0.0006153165815363891	2	2
1432909	0.0006144854312011427	17	0
3379604	0.0006112361994084226	17	0
222501	0.0006024169145825709	4	0
4666962	0.0006011837322789797	4	4
1381765	0.0005988854909030057	2	0
2526712	0.0005946233650144826	17	0
2615810	0.0005931793945471444	17	0
3016629	0.0005905718053381905	2	0
1719233	0.0005843107857895214	2	0
105379	0.0005824200719852182	4	4
1727065	0.0005813087776181394	4	0
2343508	0.0005809074034569469	9	0
3908095	0.0005763175993015231	2	2
1167837	0.0005762208099053303	4	0
1749355	0.0005696813876396636	4	0
1090328	0.0005674500228871428	4	3
1818051	0.0005668396517750367	2	0
1552546	0.0005636845735494765	4	4
885304	0.0005621173546467861	17	0
189678	0.0005605484695013977	4	0
3415394	0.0005591468946082323	18	0
2753613	0.0005556821936030934	4	0
1379797	0.0005518609324664637	2	0
593977	0.0005488139132194505	9	0
814591	0.0005480262020410685	4	0
2530509	0.000545965751815764	4	0
2590953	0.0005457850440217241	8	0
186367	0.0005439678505544708	17	0
2885746	0.0005439158600597664	8	0
797700	0.0005393486241137682	2	2
2801118	0.0005342542148719261	18	0
4573546	0.0005341557790758898	8	0
2300568	0.0005341518103623261	4	0
3476189	0.000532652608236764	9	0
1961936	0.0005320656175638958	4	3
1307786	0.0005306355951129996	2	2
4245803	0.0005282786900227502	4	0
4087615	0.0005240351088822493	8	0
642267	0.0005234446419640969	4	4
2807343	0.0005223089617250494	4	0
4670862	0.0005222113405539217	4	0
75296	0.000521397406936786	8	0
2134179	0.0005192719700859856	4	0
1682427	0.0005187925195316095	4	0
1546693	0.0005177770655163691	17	0
4311406	0.0005132302954203877	4	0
175541	0.0005127431212584152	2	2
3123063	0.000508260733428723	2	0
345491	0.0005068394826753355	2	0
45002	0.0005054217199171441	8	0
2660563	0.0005033896002735813	17	0
2252758	0.0005010713973513742	4	0
1411230	0.0005009824313738503	17	0
4808250	0.0004983552334297202	18	0
1007077	0.0004924887357405194	4	0
952954	0.0004910044100427874	17	0
589737	0.0004900043732256606	4	0
1344988	0.0004858193252476845	2	2
613828	0.0004846021001391385	2	0
1760819	0.0004817735618700978	8	0
2290290	0.00048170564887097336	8	0
99968	0.0004797744861329695	2	0
4068571	0.00047838094206017253	2	2
44818	0.0004776619115975378	4	0
713047	0.0004761005431176467	4	0
1875829	0.00047593481018800166	2	0
1818688	0.00047559639415213807	4	0
3197078	0.0004745123494574297	4	4
691721	0.0004742771577649714	2	2
1098125	0.0004722388359388961	9	0
345388	0.00047041766351368024	4	0
909093	0.00046304116079786935	2	0
2700466	0.0004622583144569168	4	0
4227132	0.00045961995824378264	4	0
4126345	0.00045945114589906897	4	4
3944805	0.0004576369620731745	2	2
98683	0.00045701135801269653	4	3
537651	0.0004517117796847356	4	3
4196421	0.0004513264805565564	4	0
1553353	0.00045125846061340685	17	0
2852629	0.00045102404559323216	4	0
3316230	0.0004505913148429407	4	0
2316859	0.0004474377971021215	4	0
166282	0.00044314936726439646	4	0
4802763	0.0004426417305023882	4	0
986302	0.0004423736530881577	4	0
1207977	0.00044048908188241493	4	0
1194406	0.000435919602379304	4	0
298644	0.0004348546327666201	2	0
335595	0.00043176974048934826	4	0
13516	0.0004302184571662119	4	3
2879552	0.000428708572404059	2	0
3786687	0.0004278347152939466	4	3
2520833	0.00042724010545307613	4	0
749553	0.00042639023610585586	4	0
1299540	0.0004261762420267154	18	0
1883499	0.00042601195936229247	4	0
4544172	0.0004243197719681462	4	3
4112894	0.0004230072586546492	4	3
507260	0.00042056630520069505	4	0
3954269	0.0004185041333092243	4	4
1774857	0.000417077075656961	4	0
1947694	0.0004165910319077749	2	0
2498656	0.00041636239066688505	2	2
1732906	0.0004162842970220768	2	2
4276243	0.0004136411636056148	4	3
1840765	0.00041209029691936	9	0
3936256	0.00041190078504263695	17	0
2254750	0.0004114898455041731	2	0
2747376	0.0004100904195573414	8	0
4265892	0.00040967479988881367	9	0
196591	0.0004087905348396366	2	2
1656472	0.00040770347939848373	4	0
2106232	0.000407096327029973	4	0
2613536	0.00040692422126536006	2	0
606470	0.0004061130065058776	4	0
1880058	0.00040605962400405915	4	0
597280	0.0004054185076132381	2	0
1070441	0.00040470323635285777	2	2
3549475	0.0004035588525013974	4	0
1405709	0.00040326069366261195	4	0
34851	0.00039997934327828006	4	0
1688965	0.0003997567586594839	4	0
3303616	0.0003991127213963925	2	0
180029	0.00039568920298809135	2	0
3061539	0.0003925415311551963	4	0
589002	0.0003874116360956446	4	0
3676292	0.000386870465641101	2	0
2813960	0.00038376657980668716	17	0
1311301	0.0003832107704677956	2	0
335871	0.00038123934383409825	8	0
2247312	0.0003804653677685988	2	2
1074710	0.00037852228556648117	2	0
3916716	0.00037467352261629416	2	0
4012526	0.0003718489992311361	2	0
316186	0.00037129798758064875	17	0
2299729	0.0003707966436898118	4	0
3775898	0.00037001023723367204	4	4
2428397	0.00036910298857054064	4	0
4558474	0.00036759645585593566	4	3
2169661	0.0003669554461756266	2	0
1292947	0.0003636070092644419	2	0
3764914	0.00036332977411260005	2	2
3593580	0.0003632604201653743	4	0
537917	0.00036234463015472073	4	0
2111111	0.00036176957742726313	9	0
748855	0.0003608946856215527	4	0
1240281	0.000359382780268083	4	0
458858	0.0003588196689198596	4	3
1414820	0.00035599491614985514	4	0
3269414	0.00035599387561768153	2	0
1691615	0.00035596091108133044	17	0
2759413	0.00035590043969988927	7	0
4593665	0.00035476206814941217	2	0
50146	0.00035004329977320476	8	0
3369163	0.00034690706177752437	4	0
123281	0.00034643722477239634	4	0
2473447	0.0003452754311917163	8	0
1687222	0.00034212878784187705	2	0
1789872	0.00033624897076464227	4	3
481337	0.00033425007542061677	4	0
2799637	0.0003319954186401385	4	0
620949	0.00033102174430868096	2	0
3871193	0.0003281556169660758	4	0
736700	0.0003267227571864101	8	0
4273601	0.0003261224054667353	4	0
1631308	0.00032435509266779436	2	0
4000219	0.0003231332349344305	2	0
1465976	0.0003227485450286453	2	0
3013096	0.0003224794792582943	4	0
2724293	0.00032146554430287653	8	0
565397	0.00032107024708950333	4	0
1783304	0.0003209207330477928	4	0
3154948	0.00031995925560331876	17	0
1482224	0.00031909105960873247	2	0
2002815	0.0003165981331773082	2	0
3237108	0.0003164315147565831	18	0
3159322	0.00031469590904932484	7	0
879943	0.0003131276675509245	2	2
4047833	0.00031098615233416337	4	0
1435682	0.00030979694805759574	2	0
1239755	0.0003088691204547283	4	0
1088061	0.00030822965692555235	4	0
3237554	0.0003078225702200742	2	0
67548	0.00030598857209901794	4	0
2472586	0.00030440187215402076	2	2
3687516	0.0003020131600025189	4	0
3103441	0.0003011322321571213	2	0
2852788	0.00029978234530971437	2	0
4308669	0.000299728521776609	2	0
3840969	0.00029940495441776836	2	0
1286653	0.00029908653260087513	17	0
100790	0.0002989654736585675	2	0
1220263	0.0002958721375637917	2	2
2705953	0.0002951683307250322	2	0
4585827	0.0002944911443949896	17	0
3013384	0.00029119926826696665	17	0
3208604	0.0002903761219706276	2	0
2277980	0.0002901376241476039	4	0
2220836	0.00028997970115775306	17	0
4364469	0.0002899772574178652	2	0
3207682	0.00028988004185601096	2	2
757087	0.0002880592912142076	4	0
2534703	0.00028392284533461387	2	0
3049223	0.00028320415504608514	2	0
3848106	0.00028271610902324624	2	0
2404577	0.000281555220092622	8	0
3889356	0.00028107252407476356	17	0
822262	0.0002805174206943576	2	0
980724	0.00027978959289142797	4	0
1684703	0.0002796172657213795	2	0
146673	0.0002793572234039387	4	0
1250865	0.00027792882613838	2	0
4295540	0.00027745321418080074	4	0
3099283	0.00027708876713188003	8	0
665780	0.00027629656458885005	17	0
3796278	0.00027444461922677916	4	0
2822186	0.00027395205780448136	4	0
2984622	0.00027328130787542866	2	0
3962110	0.0002721108623096916	2	0
2432938	0.0002714664911152908	7	0
3067400	0.0002712630109797031	4	0
3992584	0.0002694457742921272	2	0
2468625	0.0002677542514756412	17	0
950797	0.00026645417873842766	4	0
3170168	0.0002657778283282416	2	0
3092024	0.0002645779590360842	4	0
3399831	0.00026252627739848825	2	0
3565495	0.00026173878174862327	17	0
4124784	0.000261676892434105	2	0
461867	0.0002608193064397985	18	0
1806379	0.0002591280770022511	2	0
4215975	0.000258459292822002	4	0
2103045	0.0002564867816573275	17	0
2728508	0.00025545600055050906	17	0
1418869	0.00025531227478932486	4	0
4807932	0.00025462777159181795	4	0
2177197	0.0002544616882936149	2	0
877194	0.00025218742892107587	4	0
427163	0.0002494417121656738	4	0
914072	0.0002490238772823462	3	0
2091668	0.00024900985026358774	8	0
2977755	0.0002489906508578596	2	0
2651721	0.0002488192518505255	4	0
4040989	0.00024507452560056537	4	0
3214633	0.00024484015472085567	2	0
3181974	0.00024325744435457503	2	0
1194441	0.00024310778297247543	4	0
477049	0.0002427164245892231	4	0
4275330	0.00024253840747777455	2	0
1962515	0.0002421759572670399	4	0
671745	0.00024085321887470763	8	0
4265240	0.0002407715722927514	4	0
1140679	0.00024022806451534155	2	0
2481763	0.00023997305370503027	4	0
2448388	0.0002384581882204243	4	0
2076044	0.00023799718909383086	8	0
2160827	0.00023727367225125602	17	0
4288468	0.0002343228568981142	2	0
1622665	0.00023422649070784608	4	0
1641013	0.0002278313362340632	2	0
4624311	0.0002272983461631245	2	0
598215	0.00022667100327371375	4	0
3083090	0.00022452728033014714	17	0
2896712	0.00022412996084286165	2	0
4007340	0.0002235034912449678	2	0
345228	0.0002212380149210223	4	0
1192879	0.00022123158951614915	2	0
3124933	0.0002210676550029558	2	0
1414411	0.00022103982910821307	2	0
3818809	0.00022103514809821434	4	0
2084591	0.0002209133179878002	2	0
216734	0.00022073770351811373	4	0
4648252	0.0002197187629436655	4	0
3969761	0.00021884093141313137	4	0
4231327	0.00021806914625830946	2	0
1409951	0.00021753424884381136	4	0
2365648	0.00021729421227263757	2	0
1626025	0.00021669307879439482	4	0
3365828	0.0002157753445007668	8	0
2437155	0.00021226596908914557	4	0
2479577	0.00021181279836910837	2	0
2192983	0.0002117185037338447	2	0
1545934	0.0002109140767221197	7	0
856913	0.0002080995869491696	4	0
1003083	0.0002079902603993804	4	0
1580733	0.00020795802021020637	4	0
2831108	0.00020738183186931722	2	0
4601806	0.00020585895069041399	2	0
3785496	0.00020571932580273577	8	0
2974408	0.0002028528413420039	8	0
3963765	0.00020213059709368376	4	0
1353616	0.000202066958798967	2	0
1137854	0.00020168554366183073	2	0
3331738	0.0001998159430537463	8	0
2176971	0.00019973461311663016	2	0
78629	0.0001993715744476029	2	0
328839	0.00019879050670563967	2	0
2224391	0.00019742348351848194	2	0
2842076	0.00019645330937172634	4	0
587012	0.000196137702509305	2	0
2878047	0.00019603553565256422	2	0
4093789	0.00019138131569496452	2	0
1820889	0.0001906891966022171	4	0
2741122	0.00018947602517211905	4	0
4644081	0.00018824702283789241	4	0
1302475	0.00018664689895071007	12	0
1736387	0.000185247902100233	2	0
2980985	0.00018508377472093308	2	0
3450687	0.0001844401052850436	2	0
1503372	0.0001843432965820278	2	0
1290361	0.0001834887341409806	2	0
2267558	0.00018301251540955447	2	0
1387916	0.0001823722374033986	4	0
2124003	0.0001813196943850203	4	0
2959485	0.00017767598211837322	2	0
3098398	0.00017757358970784637	2	0
2066142	0.00017669351858655498	2	0
980276	0.00017643482038400218	2	0
3718790	0.00017626385148328806	2	0
1546184	0.00017536220573901136	2	0
1239903	0.00017311242935292542	4	0
4275421	0.00017143178295624516	4	0
2697659	0.0001703975367652424	2	0
378279	0.00017002261963004455	2	0
3558719	0.0001699183499516526	4	0
3022291	0.0001688576325077837	4	0
4628328	0.0001656795608959668	2	0
2410571	0.00016269559458279817	2	0
2588084	0.00016259490860938219	2	0
253464	0.00016239237957928093	2	0
2870279	0.00016026641676264666	2	0
2175415	0.00016008278663555257	4	0
2472012	0.00015892526968570413	2	0
3736760	0.00015380556408430666	7	0
2430130	0.00015230149629255307	2	0
2870117	0.00015077707812414048	4	0
694503	0.00015027043876759684	2	0
731403	0.00014898933273979343	4	0
427144	0.0001473505246290775	2	0
3152650	0.00014719277080982204	4	0
3733101	0.00014697194283586635	4	0
2527053	0.00014517606261198085	4	0
3045711	0.00014482090759630853	2	0
1107047	0.00014457307340557746	2	0
4208305	0.0001430689501023361	4	0
4700756	0.00014047324362049835	4	0
4673566	0.00013848623972103344	2	0
1273344	0.0001379670589505801	2	0
2274507	0.0001376324256194986	4	0
3401366	0.00013723363806129911	4	0
1279215	0.00013717137944451626	2	0
2347560	0.00013590995212206834	4	0
493233	0.00013512115635097883	2	0
3497416	0.00013416167436830812	4	0
1877190	0.0001337786537912387	2	0
3627088	0.00013343084342091539	2	0
80187	0.00013318252384238128	2	0
2214855	0.00013211524832670672	2	0
729624	0.00012939197424647686	4	0
4115208	0.00012728189101208863	2	0
2431201	0.00012689081182804104	2	0
2808534	0.00012432974688234824	2	0
1983719	0.00012412434990713132	2	0
429558	0.00012389014945383755	2	0
124571	0.00012379800712846714	2	0
818835	0.000122165589293086	2	0
1548252	0.0001221283906677967	4	0
860771	0.0001214925704417244	4	0
2282616	0.00012107482308524703	2	0
721958	0.00011852134443424915	2	0
189646	0.00011831636535760587	2	0
1934002	0.00011768292239430924	2	0
790047	0.00011570908839708963	2	0
1979834	0.00011494807747504175	8	0
2731755	0.00011403769214074112	2	0
687675	0.00011337098771472362	2	0
671891	0.00011336895707220328	7	0
2957248	0.00011297314985723613	2	0
2602673	0.00011178592893567452	4	0
2432292	0.0001111177209604927	2	0
2153343	0.000109668651790788	4	0
4303619	0.00010951931381560391	8	0
3084590	0.00010908372329830088	2	0
2534393	0.0001090425926799271	4	0
4306296	0.00010879619706660794	4	0
3021308	0.00010875151743761884	2	0
10062	0.0001075401806462239	2	0
1568477	0.00010448363124989988	4	0
1288967	0.00010189889255116479	2	0
4798145	0.00010177972309392514	2	0
3933770	9.931397350096777e-05	4	0
4109053	9.878869335223396e-05	2	0
1860487	9.872408244048734e-05	4	0
3325235	9.858170869584792e-05	2	0
2224366	9.649233939378891e-05	2	0
4143541	9.370105512221348e-05	2	0
2554949	9.365111659090426e-05	4	0
2288047	9.228917014227956e-05	2	0
96508	9.12353871275595e-05	4	0
519680	9.066775517663064e-05	2	0
464822	8.881885588601446e-05	2	0
2602759	8.813531411892061e-05	4	0
2086065	8.368494366297443e-05	2	0
3130420	8.301299561470995e-05	4	0
231993	8.298310842865786e-05	4	0
4280657	8.07931524159754e-05	4	0
4139379	7.993603267006398e-05	4	0
2632642	7.972898286625333e-05	2	0
2576448	7.86341702164858e-05	2	0
1239763	7.610716044037909e-05	2	0
304011	7.555263859743573e-05	4	0
157838	7.388879014049666e-05	2	0
2759478	7.35922805960666e-05	2	0
4674196	7.343239372284805e-05	2	0
1775176	7.225555019058397e-05	4	0
2199355	7.013275200483912e-05	8	0
846192	6.989460902187279e-05	2	0
4733882	6.941947189893327e-05	4	0
2433848	6.920293556721439e-05	2	0
2939697	6.840267146217509e-05	2	0
2472720	6.813909636958628e-05	2	0
1978975	6.768247738999186e-05	2	0
2728711	6.765715053748542e-05	2	0
962964	6.700101940936446e-05	4	0
4116730	6.668775770029136e-05	4	0
110346	6.663136313042003e-05	2	0
440586	6.634270788101944e-05	4	0
3789611	6.627643066237046e-05	2	0
3426391	6.302665594448662e-05	2	0
1409890	6.280420250807435e-05	2	0
2851425	6.210465330498135e-05	2	0
618749	6.117176430561034e-05	2	0
2496345	5.9880029501475104e-05	2	0
716075	5.974994939754924e-05	2	0
3739028	5.721953191175617e-05	2	0
3176611	5.515485742203585e-05	4	0
3151320	5.4569904877660105e-05	2	0
4123158	5.4318452533376336e-05	2	0
1333394	5.182420575540221e-05	4	0
4142643	4.757994323948055e-05	2	0
388957	4.4036383625246e-05	2	0
4623304	4.3411632007499444e-05	2	0
249609	4.241939044466962e-05	4	0
1316224	3.963666487999349e-05	2	0
3764092	3.950777323950876e-05	2	0
1229113	3.8660372320278414e-05	2	0
2813988	3.832816561383068e-05	2	0
2282659	3.831568205052495e-05	2	0
4727796	3.74339068423052e-05	4	0
4624564	3.737510118456306e-05	2	0
1324755	3.6998032049245074e-05	2	0
2163311	3.5863302646605644e-05	2	0
579735	3.481138802929234e-05	2	0
4190473	3.4028511842738346e-05	4	0
281192	3.2286230898263524e-05	2	0
903759	3.121572137710594e-05	2	0
3171113	3.074661739484267e-05	2	0
4348443	2.9805258269097267e-05	2	0
440856	2.9215419086341094e-05	4	0
4768988	2.8012505701036712e-05	2	0
3989812	2.2920211461382297e-05	4	0
3517816	2.182695742392312e-05	2	0
1342821	5.808222738603655e-17	10	0
2104720	5.5276535700974716e-17	3	0
4222223	5.468697324710544e-17	3	0
3318919	4.607796102556227e-17	6	0
2156273	4.570039889267144e-17	3	0
1064169	4.5649240281738284e-17	6	0
3912083	4.297698977729292e-17	12	0
3045768	4.079277356905205e-17	2	0
3219540	3.946938917631289e-17	6	0
3353799	3.816534777418557e-17	6	0
4152837	3.755925313866876e-17	2	0
4358163	3.210054096917297e-17	12	0
1351987	3.1946285510037966e-17	10	0
3284725	3.151479471457494e-17	17	0
3631870	3.058816575936482e-17	2	0
2255824	2.9618462978121896e-17	17	0
1742736	2.9379608661342516e-17	2	0
3339634	2.889896794120993e-17	3	0
834321	2.866320844219628e-17	7	0
1936957	2.853698490228339e-17	12	0
4160788	2.7229316802916972e-17	3	0
2946197	2.6525327037302104e-17	17	0
4629779	2.632224892812859e-17	3	0
2472064	2.5701012364023513e-17	2	0
1871133	2.5170439099630486e-17	3	0
4707905	2.4048464027797882e-17	12	0
3956091	2.3923380109766298e-17	2	0
3667098	2.390322975540364e-17	2	0
3302848	2.2866760232126118e-17	3	0
34652	2.2849652245786752e-17	17	0
3956092	2.277578216254891e-17	2	0
3167334	2.254520670532865e-17	6	0
681458	2.2216193805735955e-17	17	0
278810	1.9993512490221947e-17	2	0
2081479	1.976145944093123e-17	2	0
201533	1.9334811337846704e-17	2	0
3114045	1.903597928435388e-17	2	0
1836568	1.7775344412440145e-17	3	0
3224756	1.7653604652576646e-17	7	0
3362075	1.6067154643674912e-17	7	0
4105815	1.582192086659407e-17	17	0
3242081	1.5364727107418845e-17	17	0
2848474	1.4762107885713695e-17	2	0
1826640	1.4275815726255757e-17	17	0
1881601	1.4219939528237567e-17	17	0
1968351	1.4154827821594733e-17	10	0
4578870	1.4110226471072844e-17	7	0
2912965	1.3690627979099816e-17	2	0
4109031	1.3678709424628465e-17	17	0
1225869	1.3070647309410972e-17	2	0
3346629	1.2610092197644983e-17	2	0
936428	1.242018658863332e-17	17	0
1181529	1.2323229941632909e-17	2	0
1544862	1.2207887141146644e-17	8	0
1065739	1.21473699328339e-17	2	0
4564382	1.202164232419764e-17	8	0
1051157	1.0826110697284996e-17	2	0
1205227	9.75130175502222e-18	8	0
770350	9.573666546102104e-18	2	0
2416836	9.334880861954851e-18	2	0
1226580	9.192144858769936e-18	3	0
552638	8.984284834766909e-18	8	0
3899401	8.897064973806928e-18	8	0
511709	8.668174229603242e-18	17	0
3991251	7.943848507821181e-18	2	0
2831069	7.263243802974384e-18	8	0
4035986	6.615724979982304e-18	2	0
2333028	5.922189684769705e-18	2	0
2789726	5.7680867139401635e-18	2	0
1267915	4.7714556180318236e-18	3	0
734886	4.770183819620866e-18	17	0
1328974	4.29771952832245e-18	17	0
2574695	4.063935275293675e-18	8	0
4788480	3.708785978122204e-18	8	0
4060066	3.6875993497286495e-18	2	0
1327369	3.678195693687405e-18	2	0
1716803	2.357098631485017e-18	8	0
3738042	1.4425789066082793e-18	2	0
2488860	1.0649364579340555e-18	2	0
2578740	2.201326694551898e-19	2	0
25776	2.1942578310805867e-19	2	0
2933394	0.0	2	0
178202	0.0	2	0
3045684	0.0	2	0
3110974	0.0	4	0
3631266	0.0	2	0
3185989	0.0	2	0
238331	0.0	4	0
4059138	0.0	4	0
323037	0.0	2	0
902909	0.0	2	0
1549494	0.0	2	0
1150752	0.0	2	0
1138863	0.0	2	0
1742233	0.0	4	0
4326025	0.0	4	0
1765962	0.0	2	0
1821270	0.0	4	0
833268	0.0	2	0
2437300	0.0	2	0
816244	0.0	4	0
1965715	0.0	2	0
708639	0.0	18	0
4608643	0.0	2	0
2189901	0.0	4	0
2292021	0.0	4	0
3927488	0.0	2	0
3367010	0.0	2	0
