subset	scheme	perm	AUROC
all 157	random	0	0.4168
all 157	clade	0	0.4874
all 157	genotype	0	0.5108
all 157	random	1	0.5413
all 157	clade	1	0.5598
all 157	genotype	1	0.5822
all 157	random	2	0.5008
all 157	clade	2	0.5057
all 157	genotype	2	0.5488
all 157	random	3	0.5271
all 157	clade	3	0.4627
all 157	genotype	3	0.4278
all 157	random	4	0.5494
all 157	clade	4	0.5087
all 157	genotype	4	0.4941
all 157	random	5	0.4984
all 157	clade	5	0.4486
all 157	genotype	5	0.4823
all 157	random	6	0.5020
all 157	clade	6	0.4911
all 157	genotype	6	0.4617
all 157	random	7	0.5059
all 157	clade	7	0.4359
all 157	genotype	7	0.4967
all 157	random	8	0.5568
all 157	clade	8	0.5874
all 157	genotype	8	0.6161
all 157	random	9	0.4853
all 157	clade	9	0.5075
all 157	genotype	9	0.4874
all 157	random	10	0.5052
all 157	clade	10	0.4723
all 157	genotype	10	0.4680
all 157	random	11	0.4704
all 157	clade	11	0.4875
all 157	genotype	11	0.4874
all 157	random	12	0.4648
all 157	clade	12	0.5741
all 157	genotype	12	0.5237
all 157	random	13	0.4495
all 157	clade	13	0.4613
all 157	genotype	13	0.5148
all 157	random	14	0.5168
all 157	clade	14	0.5423
all 157	genotype	14	0.4591
all 157	random	15	0.5757
all 157	clade	15	0.4932
all 157	genotype	15	0.4665
all 157	random	16	0.5489
all 157	clade	16	0.5370
all 157	genotype	16	0.4665
all 157	random	17	0.4827
all 157	clade	17	0.4669
all 157	genotype	17	0.5066
all 157	random	18	0.4928
all 157	clade	18	0.4458
all 157	genotype	18	0.4847
all 157	random	19	0.4896
all 157	clade	19	0.4915
all 157	genotype	19	0.5826
all 157	random	20	0.4127
all 157	clade	20	0.5184
all 157	genotype	20	0.4898
all 157	random	21	0.5235
all 157	clade	21	0.5004
all 157	genotype	21	0.5002
all 157	random	22	0.5387
all 157	clade	22	0.4630
all 157	genotype	22	0.5146
all 157	random	23	0.5155
all 157	clade	23	0.5359
all 157	genotype	23	0.4563
all 157	random	24	0.5334
all 157	clade	24	0.5283
all 157	genotype	24	0.4894
all 157	random	25	0.4699
all 157	clade	25	0.5133
all 157	genotype	25	0.5491
all 157	random	26	0.4417
all 157	clade	26	0.4858
all 157	genotype	26	0.4670
all 157	random	27	0.5142
all 157	clade	27	0.5099
all 157	genotype	27	0.5334
all 157	random	28	0.5103
all 157	clade	28	0.5349
all 157	genotype	28	0.5384
all 157	random	29	0.4760
all 157	clade	29	0.5735
all 157	genotype	29	0.5528
all 157	random	30	0.5469
all 157	clade	30	0.6181
all 157	genotype	30	0.4360
all 157	random	31	0.4676
all 157	clade	31	0.5076
all 157	genotype	31	0.3867
all 157	random	32	0.4872
all 157	clade	32	0.4716
all 157	genotype	32	0.4735
all 157	random	33	0.4035
all 157	clade	33	0.4758
all 157	genotype	33	0.5531
all 157	random	34	0.4828
all 157	clade	34	0.5284
all 157	genotype	34	0.5129
all 157	random	35	0.4756
all 157	clade	35	0.4571
all 157	genotype	35	0.4788
all 157	random	36	0.5151
all 157	clade	36	0.4849
all 157	genotype	36	0.4531
all 157	random	37	0.4429
all 157	clade	37	0.4915
all 157	genotype	37	0.4963
all 157	random	38	0.5042
all 157	clade	38	0.4096
all 157	genotype	38	0.3843
all 157	random	39	0.5808
all 157	clade	39	0.4700
all 157	genotype	39	0.5092
all 157	random	40	0.5715
all 157	clade	40	0.4897
all 157	genotype	40	0.4735
all 157	random	41	0.3973
all 157	clade	41	0.4548
all 157	genotype	41	0.4971
all 157	random	42	0.4858
all 157	clade	42	0.5179
all 157	genotype	42	0.5340
all 157	random	43	0.6011
all 157	clade	43	0.4815
all 157	genotype	43	0.5379
all 157	random	44	0.5961
all 157	clade	44	0.4901
all 157	genotype	44	0.4337
all 157	random	45	0.4231
all 157	clade	45	0.5017
all 157	genotype	45	0.4341
all 157	random	46	0.5318
all 157	clade	46	0.4849
all 157	genotype	46	0.4876
all 157	random	47	0.5803
all 157	clade	47	0.4498
all 157	genotype	47	0.5391
all 157	random	48	0.4359
all 157	clade	48	0.5060
all 157	genotype	48	0.4879
all 157	random	49	0.4737
all 157	clade	49	0.4442
all 157	genotype	49	0.4713
all 157	random	50	0.4880
all 157	clade	50	0.4965
all 157	genotype	50	0.5311
all 157	random	51	0.5302
all 157	clade	51	0.5037
all 157	genotype	51	0.4800
all 157	random	52	0.3872
all 157	clade	52	0.5019
all 157	genotype	52	0.5033
all 157	random	53	0.4815
all 157	clade	53	0.5459
all 157	genotype	53	0.5549
all 157	random	54	0.5205
all 157	clade	54	0.5576
all 157	genotype	54	0.5947
all 157	random	55	0.4400
all 157	clade	55	0.4575
all 157	genotype	55	0.4767
all 157	random	56	0.5019
all 157	clade	56	0.5274
all 157	genotype	56	0.4688
all 157	random	57	0.5325
all 157	clade	57	0.5348
all 157	genotype	57	0.5307
all 157	random	58	0.4022
all 157	clade	58	0.4661
all 157	genotype	58	0.4906
all 157	random	59	0.6014
all 157	clade	59	0.5490
all 157	genotype	59	0.5265
all 157	random	60	0.4853
all 157	clade	60	0.5109
all 157	genotype	60	0.5047
all 157	random	61	0.5231
all 157	clade	61	0.5510
all 157	genotype	61	0.3920
all 157	random	62	0.4928
all 157	clade	62	0.4843
all 157	genotype	62	0.4407
all 157	random	63	0.3783
all 157	clade	63	0.4853
all 157	genotype	63	0.4770
all 157	random	64	0.4823
all 157	clade	64	0.4091
all 157	genotype	64	0.5731
all 157	random	65	0.4794
all 157	clade	65	0.4803
all 157	genotype	65	0.5248
all 157	random	66	0.4456
all 157	clade	66	0.4822
all 157	genotype	66	0.5080
all 157	random	67	0.5381
all 157	clade	67	0.4458
all 157	genotype	67	0.4396
all 157	random	68	0.6162
all 157	clade	68	0.4766
all 157	genotype	68	0.4829
all 157	random	69	0.5405
all 157	clade	69	0.5991
all 157	genotype	69	0.5712
all 157	random	70	0.4963
all 157	clade	70	0.4768
all 157	genotype	70	0.5003
all 157	random	71	0.5171
all 157	clade	71	0.5383
all 157	genotype	71	0.5273
all 157	random	72	0.5370
all 157	clade	72	0.4603
all 157	genotype	72	0.4481
all 157	random	73	0.5523
all 157	clade	73	0.5582
all 157	genotype	73	0.4596
all 157	random	74	0.5370
all 157	clade	74	0.5199
all 157	genotype	74	0.5081
all 157	random	75	0.4668
all 157	clade	75	0.5120
all 157	genotype	75	0.5354
all 157	random	76	0.5589
all 157	clade	76	0.5416
all 157	genotype	76	0.4971
all 157	random	77	0.5759
all 157	clade	77	0.5488
all 157	genotype	77	0.5449
all 157	random	78	0.4123
all 157	clade	78	0.5234
all 157	genotype	78	0.5017
all 157	random	79	0.5506
all 157	clade	79	0.4875
all 157	genotype	79	0.5045
all 157	random	80	0.4307
all 157	clade	80	0.4494
all 157	genotype	80	0.5118
all 157	random	81	0.4907
all 157	clade	81	0.4620
all 157	genotype	81	0.4700
all 157	random	82	0.6583
all 157	clade	82	0.4946
all 157	genotype	82	0.4475
all 157	random	83	0.5392
all 157	clade	83	0.4958
all 157	genotype	83	0.4664
all 157	random	84	0.5328
all 157	clade	84	0.4819
all 157	genotype	84	0.5129
all 157	random	85	0.4695
all 157	clade	85	0.5160
all 157	genotype	85	0.4318
all 157	random	86	0.5929
all 157	clade	86	0.4939
all 157	genotype	86	0.5055
all 157	random	87	0.4066
all 157	clade	87	0.5249
all 157	genotype	87	0.5313
all 157	random	88	0.3338
all 157	clade	88	0.4767
all 157	genotype	88	0.5028
all 157	random	89	0.5523
all 157	clade	89	0.4359
all 157	genotype	89	0.4508
all 157	random	90	0.4801
all 157	clade	90	0.5563
all 157	genotype	90	0.5720
all 157	random	91	0.4889
all 157	clade	91	0.5576
all 157	genotype	91	0.5633
all 157	random	92	0.5935
all 157	clade	92	0.5366
all 157	genotype	92	0.5571
all 157	random	93	0.5316
all 157	clade	93	0.4508
all 157	genotype	93	0.5306
all 157	random	94	0.4556
all 157	clade	94	0.5147
all 157	genotype	94	0.5360
all 157	random	95	0.5594
all 157	clade	95	0.5559
all 157	genotype	95	0.5465
all 157	random	96	0.5290
all 157	clade	96	0.4941
all 157	genotype	96	0.4805
all 157	random	97	0.5454
all 157	clade	97	0.4578
all 157	genotype	97	0.5300
all 157	random	98	0.4766
all 157	clade	98	0.5025
all 157	genotype	98	0.4477
all 157	random	99	0.5219
all 157	clade	99	0.4316
all 157	genotype	99	0.4025
within 3.1.1	random	0	0.5391
within 3.1.1	clade	0	0.4606
within 3.1.1	random	1	0.4547
within 3.1.1	clade	1	0.6253
within 3.1.1	random	2	0.5172
within 3.1.1	clade	2	0.5476
within 3.1.1	random	3	0.3865
within 3.1.1	clade	3	0.3930
within 3.1.1	random	4	0.3122
within 3.1.1	clade	4	0.4248
within 3.1.1	random	5	0.4490
within 3.1.1	clade	5	0.4893
within 3.1.1	random	6	0.5791
within 3.1.1	clade	6	0.4772
within 3.1.1	random	7	0.4330
within 3.1.1	clade	7	0.4144
within 3.1.1	random	8	0.4507
within 3.1.1	clade	8	0.5836
within 3.1.1	random	9	0.4879
within 3.1.1	clade	9	0.5721
within 3.1.1	random	10	0.5549
within 3.1.1	clade	10	0.4775
within 3.1.1	random	11	0.6036
within 3.1.1	clade	11	0.4887
within 3.1.1	random	12	0.4679
within 3.1.1	clade	12	0.4006
within 3.1.1	random	13	0.4901
within 3.1.1	clade	13	0.6776
within 3.1.1	random	14	0.5352
within 3.1.1	clade	14	0.5053
within 3.1.1	random	15	0.6726
within 3.1.1	clade	15	0.5538
within 3.1.1	random	16	0.4997
within 3.1.1	clade	16	0.5574
within 3.1.1	random	17	0.5921
within 3.1.1	clade	17	0.4930
within 3.1.1	random	18	0.5439
within 3.1.1	clade	18	0.5177
within 3.1.1	random	19	0.4707
within 3.1.1	clade	19	0.4747
within 3.1.1	random	20	0.4671
within 3.1.1	clade	20	0.4488
within 3.1.1	random	21	0.5121
within 3.1.1	clade	21	0.5800
within 3.1.1	random	22	0.4775
within 3.1.1	clade	22	0.3843
within 3.1.1	random	23	0.3744
within 3.1.1	clade	23	0.4133
within 3.1.1	random	24	0.3713
within 3.1.1	clade	24	0.5175
within 3.1.1	random	25	0.4921
within 3.1.1	clade	25	0.4040
within 3.1.1	random	26	0.5991
within 3.1.1	clade	26	0.4248
within 3.1.1	random	27	0.3885
within 3.1.1	clade	27	0.5104
within 3.1.1	random	28	0.6303
within 3.1.1	clade	28	0.4837
within 3.1.1	random	29	0.4600
within 3.1.1	clade	29	0.5501
within 3.1.1	random	30	0.5053
within 3.1.1	clade	30	0.5439
within 3.1.1	random	31	0.4885
within 3.1.1	clade	31	0.5006
within 3.1.1	random	32	0.3240
within 3.1.1	clade	32	0.5115
within 3.1.1	random	33	0.4153
within 3.1.1	clade	33	0.4932
within 3.1.1	random	34	0.6543
within 3.1.1	clade	34	0.3851
within 3.1.1	random	35	0.4783
within 3.1.1	clade	35	0.5968
within 3.1.1	random	36	0.4465
within 3.1.1	clade	36	0.4468
within 3.1.1	random	37	0.5659
within 3.1.1	clade	37	0.5403
within 3.1.1	random	38	0.3882
within 3.1.1	clade	38	0.4958
within 3.1.1	random	39	0.4412
within 3.1.1	clade	39	0.4108
within 3.1.1	random	40	0.4885
within 3.1.1	clade	40	0.5282
within 3.1.1	random	41	0.3975
within 3.1.1	clade	41	0.4972
within 3.1.1	random	42	0.3300
within 3.1.1	clade	42	0.5591
within 3.1.1	random	43	0.3989
within 3.1.1	clade	43	0.5301
within 3.1.1	random	44	0.5763
within 3.1.1	clade	44	0.3542
within 3.1.1	random	45	0.4882
within 3.1.1	clade	45	0.5408
within 3.1.1	random	46	0.6047
within 3.1.1	clade	46	0.5242
within 3.1.1	random	47	0.4164
within 3.1.1	clade	47	0.5025
within 3.1.1	random	48	0.4595
within 3.1.1	clade	48	0.5251
within 3.1.1	random	49	0.6374
within 3.1.1	clade	49	0.3612
within 3.1.1	random	50	0.4628
within 3.1.1	clade	50	0.4825
within 3.1.1	random	51	0.4476
within 3.1.1	clade	51	0.4400
within 3.1.1	random	52	0.6889
within 3.1.1	clade	52	0.6745
within 3.1.1	random	53	0.4136
within 3.1.1	clade	53	0.4842
within 3.1.1	random	54	0.5051
within 3.1.1	clade	54	0.5259
within 3.1.1	random	55	0.5800
within 3.1.1	clade	55	0.5932
within 3.1.1	random	56	0.4800
within 3.1.1	clade	56	0.4474
within 3.1.1	random	57	0.5687
within 3.1.1	clade	57	0.5757
within 3.1.1	random	58	0.2914
within 3.1.1	clade	58	0.4642
within 3.1.1	random	59	0.4659
within 3.1.1	clade	59	0.6101
within 3.1.1	random	60	0.7041
within 3.1.1	clade	60	0.5811
within 3.1.1	random	61	0.4074
within 3.1.1	clade	61	0.4845
within 3.1.1	random	62	0.4637
within 3.1.1	clade	62	0.5555
within 3.1.1	random	63	0.2469
within 3.1.1	clade	63	0.4952
within 3.1.1	random	64	0.3764
within 3.1.1	clade	64	0.4322
within 3.1.1	random	65	0.4699
within 3.1.1	clade	65	0.4386
within 3.1.1	random	66	0.4983
within 3.1.1	clade	66	0.5664
within 3.1.1	random	67	0.4735
within 3.1.1	clade	67	0.5588
within 3.1.1	random	68	0.5363
within 3.1.1	clade	68	0.4673
within 3.1.1	random	69	0.5051
within 3.1.1	clade	69	0.4775
within 3.1.1	random	70	0.4167
within 3.1.1	clade	70	0.4744
within 3.1.1	random	71	0.2767
within 3.1.1	clade	71	0.4862
within 3.1.1	random	72	0.2587
within 3.1.1	clade	72	0.4600
within 3.1.1	random	73	0.5008
within 3.1.1	clade	73	0.6363
within 3.1.1	random	74	0.4823
within 3.1.1	clade	74	0.5158
within 3.1.1	random	75	0.4938
within 3.1.1	clade	75	0.4983
within 3.1.1	random	76	0.5251
within 3.1.1	clade	76	0.4885
within 3.1.1	random	77	0.4389
within 3.1.1	clade	77	0.4710
within 3.1.1	random	78	0.4181
within 3.1.1	clade	78	0.5121
within 3.1.1	random	79	0.6250
within 3.1.1	clade	79	0.5251
within 3.1.1	random	80	0.4786
within 3.1.1	clade	80	0.4457
within 3.1.1	random	81	0.3874
within 3.1.1	clade	81	0.4592
within 3.1.1	random	82	0.4271
within 3.1.1	clade	82	0.5442
within 3.1.1	random	83	0.5628
within 3.1.1	clade	83	0.4032
within 3.1.1	random	84	0.4609
within 3.1.1	clade	84	0.4262
within 3.1.1	random	85	0.2399
within 3.1.1	clade	85	0.4288
within 3.1.1	random	86	0.4454
within 3.1.1	clade	86	0.4389
within 3.1.1	random	87	0.5963
within 3.1.1	clade	87	0.5307
within 3.1.1	random	88	0.5943
within 3.1.1	clade	88	0.5312
within 3.1.1	random	89	0.6154
within 3.1.1	clade	89	0.5566
within 3.1.1	random	90	0.5746
within 3.1.1	clade	90	0.4443
within 3.1.1	random	91	0.6886
within 3.1.1	clade	91	0.4327
within 3.1.1	random	92	0.6745
within 3.1.1	clade	92	0.5541
within 3.1.1	random	93	0.4316
within 3.1.1	clade	93	0.4434
within 3.1.1	random	94	0.5372
within 3.1.1	clade	94	0.5290
within 3.1.1	random	95	0.5053
within 3.1.1	clade	95	0.5704
within 3.1.1	random	96	0.4766
within 3.1.1	clade	96	0.5960
within 3.1.1	random	97	0.5808
within 3.1.1	clade	97	0.4662
within 3.1.1	random	98	0.4465
within 3.1.1	clade	98	0.4181
within 3.1.1	random	99	0.5380
within 3.1.1	clade	99	0.5070
