pos	major	minor	minor_count
7436	C	T	1
10062	A	G	2
12076	G	A	1
13516	C	T	4
15847	G	T	1
20732	C	A	1
21714	C	T	1
24184	T	C	1
25776	C	T	2
27750	C	T	17
34652	G	A	17
34851	A	G	4
36076	C	T	18
41125	G	A	1
44818	G	T	4
45002	C	T	8
50146	G	A	8
54959	A	G	1
57243	T	C	1
58158	C	T	5
58614	G	A	1
61203	C	T	1
67195	A	G	1
67548	G	A	4
70394	C	T	1
71196	T	A	1
72721	C	T	1
75296	A	G	8
78629	C	T	2
80187	C	T	2
83180	C	T	1
84845	A	C	1
87098	C	T	1
88219	G	T	1
96508	C	T	4
98683	T	C	4
99968	C	T	2
100790	C	T	2
105379	G	A	4
110067	A	G	1
110346	T	A	2
117730	C	T	1
121507	G	T	1
123281	C	T	4
123439	C	T	1
124571	G	T	2
125077	C	A	1
125101	C	T	1
130174	G	A	1
142609	G	A	1
146673	G	A	4
148788	C	T	1
152466	G	A	1
152800	G	A	1
154879	G	A	1
154932	A	G	1
157838	C	T	2
165329	G	A	1
166282	T	G	4
168486	C	G	1
173433	G	A	1
174063	G	A	1
175120	G	A	9
175541	C	T	2
176485	A	G	1
178202	G	T	2
178295	T	C	1
180029	C	T	2
186367	C	T	17
189646	C	T	2
189678	G	A	4
196591	G	A	2
197777	G	A	1
201533	C	T	2
201920	C	T	1
204893	G	A	1
205168	G	A	1
205400	C	T	1
207197	C	T	18
207660	C	T	1
212654	C	T	6
214843	G	T	1
216734	C	T	4
218983	G	A	1
222501	C	T	4
224873	T	A	1
231993	C	T	4
234046	C	T	1
234860	G	A	1
238331	C	T	4
238787	C	A	1
243101	A	G	1
249609	C	T	4
250327	C	T	1
253464	C	T	2
253966	C	T	1
259091	T	G	1
262651	C	T	18
272059	T	C	9
278810	C	T	2
281192	C	T	2
283630	C	T	1
283956	G	A	1
285511	G	T	1
294526	C	T	1
296168	A	G	19
298644	T	C	2
304011	T	C	4
316186	C	T	17
323037	C	T	2
325010	C	T	1
326395	C	T	1
328012	C	G	1
328298	C	T	2
328839	G	A	2
329797	G	A	1
334131	C	T	1
335595	G	T	4
335712	A	G	1
335871	A	G	8
339175	G	T	1
344240	T	C	1
345228	C	T	4
345388	C	T	4
345491	C	T	2
353342	G	A	1
354895	G	A	9
360661	C	T	18
369529	C	T	1
373323	C	T	1
373821	G	A	1
373853	C	A	1
376400	G	A	1
378012	G	A	1
378279	G	A	2
378907	C	T	1
380113	C	T	1
381340	C	T	1
381514	C	T	9
385080	G	A	1
387051	G	T	1
387595	C	T	1
387957	T	C	1
388957	C	A	2
394947	G	T	1
395687	C	T	1
397306	C	T	1
398862	G	T	1
401239	C	T	1
402121	C	T	1
403669	T	A	1
404481	G	A	1
406419	C	T	1
406672	G	A	2
408647	G	A	1
410093	G	A	1
410380	G	A	1
410636	G	A	18
418197	C	T	1
419619	C	T	1
424257	C	T	1
425896	G	A	1
426606	C	T	1
427144	G	A	2
427163	C	T	4
427985	C	T	8
429558	A	G	2
430053	T	C	1
436351	G	A	1
440586	C	T	4
440856	C	T	4
440931	G	A	1
446004	T	C	1
447219	G	A	1
449376	A	C	1
452391	G	A	1
453399	A	G	1
458858	C	T	4
461867	C	T	18
464822	A	G	2
465374	G	A	1
469020	C	T	1
470829	T	A	1
475210	C	T	1
477049	A	G	4
479376	G	A	1
481140	G	A	1
481337	A	G	4
484681	C	T	1
490361	A	G	9
490566	G	A	1
491885	C	T	1
492809	A	G	1
493233	C	T	2
493266	A	G	1
493756	T	C	1
500726	G	A	8
501060	G	A	2
507260	A	G	4
511709	G	A	17
516018	A	G	1
518554	C	T	1
519680	G	A	2
522454	A	G	18
522499	T	C	1
525959	C	T	1
537651	T	A	4
537917	T	C	4
537954	G	A	1
538553	T	G	1
538824	A	G	1
541790	G	A	1
544353	G	A	8
547113	T	C	18
548722	G	A	1
549068	A	G	1
552414	G	A	1
552638	G	A	8
552803	T	C	9
553578	A	G	18
556109	C	A	1
556883	C	A	1
559140	G	A	1
565397	C	T	4
568746	C	T	1
570671	A	G	1
572366	C	T	1
573599	C	T	1
579262	G	A	1
579553	C	T	1
579735	C	T	2
581796	C	T	1
582749	C	T	9
584057	C	T	1
587012	C	T	2
589002	G	A	4
589737	T	A	4
589982	T	C	1
593977	C	T	9
596811	G	A	1
597280	A	G	2
598215	G	A	4
598777	G	A	1
600391	C	T	1
604145	G	A	1
604169	G	A	1
604866	C	T	1
606470	G	A	4
609308	C	T	9
610111	C	T	9
612535	C	T	9
613482	G	A	1
613828	G	A	2
618749	C	T	2
619197	C	T	1
620949	G	A	2
621662	C	T	11
624836	C	T	9
633003	C	T	1
638595	C	T	4
642267	C	T	4
643489	C	T	1
644702	G	A	1
646727	G	A	18
651929	T	G	9
657972	A	G	19
662588	C	T	1
665599	G	A	1
665780	G	A	17
668056	G	A	1
671745	G	A	8
671891	C	T	7
675913	C	T	1
676403	C	T	1
681458	G	A	17
687675	C	T	2
689833	C	T	1
691721	C	A	2
691835	A	G	1
693964	C	T	1
694503	C	T	2
702472	C	T	1
706923	C	T	1
708639	G	A	18
713047	G	A	4
715376	G	A	1
716075	C	T	2
720966	G	A	1
721414	C	T	1
721958	C	T	2
729624	C	T	4
731403	G	A	4
732435	C	T	6
734886	G	A	17
736700	G	A	8
737470	G	A	2
738604	C	T	1
741943	G	A	2
742027	G	A	1
748855	G	A	4
749553	C	T	4
752895	G	A	1
752950	T	C	1
753408	C	A	1
753838	A	G	1
757087	G	A	4
758759	G	T	1
767532	G	A	1
767864	C	T	1
769063	A	C	1
770350	A	G	2
772547	C	T	1
772957	C	T	1
776555	T	C	1
776672	C	T	1
790047	C	T	2
793413	C	A	1
795422	G	A	1
796193	C	T	1
797700	C	T	2
800107	C	T	1
803997	C	T	1
807787	G	T	1
807951	G	A	1
809939	A	G	1
814591	C	T	4
814782	T	C	1
816244	C	T	4
817058	G	A	1
818835	T	G	2
822262	G	A	2
826850	C	T	1
828924	A	G	1
828931	A	G	1
833268	G	A	2
833633	G	A	19
834016	A	G	1
834321	C	T	7
846192	G	A	2
846290	G	A	1
847284	G	A	5
851345	G	A	1
852649	C	T	1
855682	C	T	1
856913	C	T	4
858379	C	T	1
858503	A	G	1
860662	C	T	18
860771	G	A	4
864668	T	C	1
865959	T	C	1
871347	G	A	1
873525	T	C	8
877194	G	A	4
879935	G	A	1
879943	T	A	2
885304	C	T	17
887394	G	A	11
891786	G	A	1
891931	T	C	1
894733	C	T	1
895471	G	T	19
902909	T	C	2
903759	C	A	2
908473	G	A	1
908765	C	T	3
909093	T	G	2
909756	G	A	18
912977	A	G	1
914072	C	T	3
919609	G	A	1
919775	C	T	1
920703	C	T	1
925998	A	G	18
927540	A	G	10
928145	G	A	1
936286	C	T	9
936428	G	A	17
936798	C	T	1
939916	T	C	1
945792	G	C	1
950104	T	C	1
950797	C	T	4
952954	C	T	17
961428	T	C	1
962964	G	A	4
964440	C	T	18
970474	G	A	1
975151	C	A	1
976044	A	G	19
980276	C	T	2
980724	C	T	4
986302	G	A	4
987507	T	G	1
991293	T	G	2
992532	C	T	1
994923	C	T	1
997340	G	A	1
998589	G	A	1
999425	G	A	1
1001002	C	T	1
1001256	C	T	1
1001613	T	C	1
1001881	C	A	1
1003083	C	T	4
1006136	G	A	2
1007077	G	A	4
1025797	C	T	1
1027854	A	G	19
1051157	G	A	2
1053799	C	T	1
1054855	C	T	11
1062813	A	T	1
1063636	T	C	1
1064169	T	G	6
1065523	G	A	1
1065739	G	A	2
1068326	C	T	1
1070441	A	T	2
1071186	G	A	1
1074710	C	T	2
1079850	C	T	1
1080729	G	A	1
1087001	C	A	1
1088061	G	A	4
1088902	C	T	1
1090328	C	G	4
1091565	C	T	1
1092870	G	A	9
1093814	C	T	1
1098125	C	T	9
1107047	C	T	2
1116108	C	T	1
1117061	C	T	1
1122745	G	T	1
1123413	G	A	1
1133660	T	C	1
1136377	A	G	1
1137854	G	A	2
1138863	G	A	2
1139189	C	T	17
1140679	C	T	2
1148867	T	C	1
1150752	C	T	2
1151079	C	T	1
1157624	C	T	8
1164284	G	A	1
1167837	A	C	4
1170355	C	T	1
1172867	G	A	19
1173320	G	A	1
1175913	C	T	17
1181529	C	T	2
1182308	C	G	1
1192879	C	T	2
1194406	C	T	4
1194441	G	A	4
1195253	A	G	1
1195343	C	T	1
1201585	G	A	1
1202768	C	T	1
1205227	A	G	8
1205938	G	A	8
1207977	C	T	4
1213906	G	T	1
1215895	T	A	1
1220263	C	A	2
1225869	C	T	2
1226580	C	T	3
1229113	A	T	2
1239755	G	A	4
1239763	C	T	2
1239903	T	C	4
1240281	G	A	4
1241623	C	T	9
1249402	C	T	1
1250865	G	A	2
1256103	C	T	3
1261630	T	C	1
1267915	G	A	3
1269646	G	A	9
1272341	G	A	1
1273344	C	T	2
1277677	C	T	1
1278605	C	T	1
1279215	G	A	2
1283955	A	G	1
1286653	T	C	17
1288559	G	A	1
1288967	C	T	2
1290361	C	T	2
1292947	A	G	2
1299540	G	A	18
1302475	C	T	12
1302907	G	A	9
1307544	G	A	1
1307786	C	A	2
1311301	C	T	2
1311831	C	T	1
1316224	T	C	2
1316960	T	C	9
1318540	C	T	1
1321643	A	C	1
1323250	T	C	1
1324755	G	A	2
1325168	G	C	1
1325682	C	A	1
1326039	G	A	1
1326418	C	T	18
1327369	G	A	2
1328974	G	A	17
1330640	T	C	1
1331291	A	G	2
1333394	C	T	4
1336316	T	C	2
1340993	G	A	1
1342821	G	A	10
1343061	G	A	1
1344988	C	A	2
1348247	C	T	1
1348601	C	T	1
1351692	G	T	1
1351987	C	T	10
1352380	T	C	1
1352382	C	T	1
1353616	G	A	2
1368323	T	C	1
1374052	C	T	1
1377874	C	T	1
1377875	C	T	1
1379797	C	T	2
1381765	C	T	2
1382780	G	A	1
1387758	C	T	1
1387916	C	T	4
1398624	G	A	1
1404102	G	A	1
1404994	C	T	1
1405709	C	T	4
1405744	C	A	1
1409890	G	A	2
1409951	C	T	4
1411230	C	T	17
1411441	T	C	1
1412829	C	T	19
1414411	G	A	2
1414820	G	A	4
1415032	A	G	1
1417179	C	T	1
1418869	G	A	4
1428175	T	A	1
1432909	A	G	17
1435682	A	G	2
1436387	T	G	1
1465976	T	G	2
1467934	G	A	1
1468368	C	T	1
1473475	T	C	1
1476808	C	T	2
1480289	T	C	1
1481653	C	T	4
1482224	G	A	2
1482968	C	T	1
1483395	C	T	1
1500023	C	T	1
1503372	G	A	2
1505479	C	T	18
1514381	C	T	1
1514994	C	T	1
1520015	T	C	9
1522636	C	T	1
1523057	G	T	1
1529323	A	G	1
1531640	G	A	9
1537656	G	A	1
1544862	C	T	8
1545934	C	A	7
1546184	C	T	2
1546693	C	T	17
1546849	A	G	17
1548252	C	T	4
1549494	T	C	2
1552546	C	T	4
1553353	G	T	17
1555679	C	A	1
1557449	A	T	5
1563389	G	A	1
1564004	G	A	9
1564259	G	A	1
1564406	G	A	9
1567291	T	C	1
1568477	G	A	4
1575510	C	A	1
1580733	G	A	4
1582390	G	A	8
1585979	C	A	1
1587509	G	A	1
1596338	G	A	1
1600418	G	A	1
1601413	G	A	9
1609078	G	A	1
1615350	C	T	9
1617432	A	G	1
1622665	C	T	4
1624967	T	G	1
1626025	C	T	4
1630426	G	A	1
1631308	C	T	2
1634319	T	C	1
1641013	C	T	2
1650651	G	T	1
1654877	C	T	1
1656221	G	A	1
1656472	G	A	4
1659423	G	A	1
1660242	C	T	2
1660527	A	G	1
1660657	C	T	1
1667115	T	A	1
1673789	G	A	1
1682427	C	T	4
1684703	G	A	2
1687222	C	T	2
1688965	A	G	4
1691615	G	A	17
1693099	G	A	1
1693154	C	T	1
1694073	C	T	5
1695656	G	A	1
1700099	C	T	18
1705881	T	C	1
1711057	A	G	19
1712188	C	T	1
1712449	C	A	1
1713320	C	T	1
1714050	G	A	1
1716803	G	A	8
1718124	C	T	19
1719233	A	G	2
1719720	C	T	1
1727065	C	T	4
1732906	G	A	2
1736387	C	T	2
1737772	C	T	1
1742233	G	A	4
1742736	G	A	2
1744069	T	C	1
1745208	G	A	1
1749355	C	T	4
1750771	C	T	1
1751023	A	G	1
1754177	G	A	1
1755898	C	T	9
1760819	C	T	8
1764166	G	A	1
1765962	C	T	2
1768078	G	A	1
1774857	C	T	4
1775176	G	A	4
1783304	C	T	4
1784272	G	A	9
1784324	G	A	9
1789872	A	T	4
1790145	A	G	1
1795144	G	A	1
1797397	C	T	1
1806379	G	A	2
1810503	G	T	1
1810872	T	G	1
1815644	G	T	1
1816126	G	A	1
1818051	G	A	2
1818219	G	A	18
1818688	G	A	4
1820889	C	T	4
1821270	G	A	4
1823660	G	A	1
1826059	G	A	2
1826640	A	G	17
1832572	G	A	9
1832929	G	A	1
1836568	G	T	3
1839374	G	A	5
1840765	G	A	9
1849285	A	C	1
1851981	T	C	2
1852692	G	A	1
1857549	C	T	1
1860487	A	G	4
1865737	G	A	1
1871133	G	A	3
1871498	G	A	1
1872204	G	A	1
1873385	T	C	18
1875747	G	A	9
1875829	C	T	2
1877190	G	A	2
1879104	C	T	1
1880058	T	C	4
1880209	C	T	4
1881601	T	C	17
1883499	C	T	4
1887383	G	A	1
1887997	A	C	1
1934002	G	A	2
1934711	C	T	19
1935310	C	T	1
1936957	T	C	12
1940322	C	T	13
1941904	G	A	1
1943106	C	T	1
1943970	T	C	1
1945040	G	C	1
1947694	C	T	2
1952523	C	T	1
1953558	G	A	1
1959545	C	T	1
1961605	C	T	1
1961936	A	T	4
1962515	C	T	4
1965715	G	C	2
1968351	G	T	10
1969318	T	G	1
1971449	C	A	1
1974899	G	A	1
1975724	C	T	1
1978975	C	T	2
1979834	C	T	8
1983719	T	G	2
1984921	C	A	1
1987307	G	A	4
1989224	G	A	1
1991926	A	G	1
1995664	G	A	1
1998589	G	A	1
2002815	G	A	2
2003470	G	A	1
2015679	G	A	1
2025905	C	T	1
2028371	T	C	1
2041040	G	T	1
2041640	C	T	2
2044075	G	A	1
2048233	C	T	1
2066142	G	A	2
2067413	C	T	1
2070334	T	C	19
2070766	G	A	17
2073151	T	G	1
2075820	C	T	1
2075948	G	T	1
2076044	A	G	8
2077798	G	A	1
2081479	C	T	2
2084591	A	C	2
2086065	G	A	2
2090176	C	T	9
2091668	G	A	8
2092448	T	C	1
2092572	G	A	1
2092906	A	G	1
2099369	G	A	1
2102073	C	T	1
2103045	G	A	17
2104720	C	T	3
2105388	G	T	1
2106232	C	T	4
2107136	C	T	1
2111111	G	A	9
2115636	G	A	1
2122380	G	A	5
2124003	C	T	4
2125357	A	G	19
2125378	A	G	17
2126105	T	C	1
2129406	T	C	1
2134179	G	A	4
2138021	C	T	1
2139888	C	T	1
2139996	G	A	1
2141866	G	A	1
2142265	G	A	2
2153343	A	C	4
2156273	C	G	3
2157050	G	A	9
2160139	G	A	1
2160827	A	G	17
2160928	C	A	1
2162907	C	T	1
2163311	A	C	2
2165341	G	A	1
2169661	C	T	2
2171270	G	A	2
2174642	G	A	1
2175415	G	A	4
2176971	G	A	2
2177197	A	G	2
2179270	C	A	1
2184135	C	T	1
2189901	C	T	4
2192983	G	A	2
2194685	G	A	1
2195467	C	T	18
2196529	C	T	8
2199355	G	A	8
2208538	C	A	1
2212276	C	T	9
2214855	G	A	2
2216814	G	A	15
2219343	C	T	1
2219654	T	G	9
2219655	G	A	9
2220753	G	A	1
2220836	G	T	17
2221084	A	G	1
2221097	T	C	1
2221411	G	A	1
2221634	G	A	1
2224366	G	A	2
2224391	C	T	2
2229311	G	A	1
2231723	T	C	1
2235058	A	T	19
2245065	G	A	5
2246528	G	A	1
2247312	G	A	2
2252458	C	T	1
2252758	C	T	4
2254750	C	T	2
2255824	C	T	17
2257014	C	T	1
2258290	C	T	1
2267558	G	A	2
2274507	G	A	4
2276605	C	T	1
2277980	G	A	4
2279983	A	G	1
2282616	G	A	2
2282659	G	A	2
2288047	G	A	2
2290290	G	A	8
2291833	G	A	1
2292021	C	T	4
2292781	T	C	1
2297166	C	T	1
2299729	C	T	4
2300568	T	C	4
2312975	G	A	1
2315535	G	T	1
2316261	G	A	1
2316859	A	G	4
2325066	T	C	1
2325458	G	A	2
2325964	C	T	1
2327577	C	T	1
2332398	C	T	9
2333028	C	T	2
2336707	T	C	10
2342045	G	A	9
2343508	C	T	9
2344055	G	A	1
2347560	T	C	4
2361490	G	A	2
2365648	C	T	2
2371447	C	T	1
2375354	C	T	1
2376373	C	T	1
2376716	C	A	1
2380164	G	A	1
2381570	G	A	1
2381786	T	C	1
2382863	A	G	1
2393588	C	T	1
2400252	A	G	1
2404577	G	A	8
2410571	C	T	2
2410862	C	T	3
2416836	C	A	2
2428397	G	A	4
2429108	C	T	1
2430130	C	T	2
2431201	C	T	2
2432292	T	C	2
2432938	G	A	7
2433180	C	T	1
2433848	C	T	2
2437155	G	A	4
2437300	T	C	2
2440242	T	C	1
2442024	G	A	1
2442143	C	T	1
2448388	G	A	4
2457663	G	A	9
2458635	C	T	1
2459026	G	A	1
2459314	G	A	1
2460564	A	T	3
2461380	A	G	1
2463292	C	T	17
2468625	G	A	17
2470552	G	A	1
2472012	A	G	2
2472064	T	C	2
2472586	G	A	2
2472720	C	T	2
2473378	C	A	1
2473447	G	A	8
2477388	A	C	1
2479577	T	A	2
2481763	G	A	4
2485530	G	A	2
2488860	A	T	2
2493777	G	A	1
2496345	G	A	2
2498656	G	T	2
2506725	C	T	4
2507450	G	A	1
2513223	T	C	1
2519086	C	T	1
2520833	C	A	4
2521663	G	A	6
2526712	C	T	17
2527053	T	C	4
2527065	G	A	1
2528146	C	T	1
2530509	C	T	4
2532835	G	T	1
2534393	C	T	4
2534703	G	A	2
2538611	G	T	1
2539093	G	A	1
2542342	C	T	1
2543029	C	T	9
2543100	G	A	1
2546785	C	T	1
2552358	G	A	1
2554949	C	T	4
2555225	C	A	1
2559477	T	A	1
2561759	T	G	1
2563746	T	C	1
2566387	T	C	1
2570295	G	T	1
2574695	C	T	8
2576448	C	G	2
2578705	C	T	1
2578740	A	C	2
2580325	G	A	1
2585981	C	T	1
2588084	G	A	2
2590743	G	T	1
2590953	C	T	8
2593246	G	A	1
2593474	G	A	1
2595047	C	T	1
2598903	G	A	5
2601277	G	A	1
2602673	C	T	4
2602759	G	A	4
2603135	G	T	1
2608869	T	C	1
2609497	A	G	8
2610116	G	A	1
2610176	G	A	1
2610728	G	A	2
2610833	G	A	2
2611284	G	A	1
2613497	T	G	1
2613536	G	A	2
2615810	A	C	17
2629494	G	A	1
2631711	G	A	18
2632642	G	A	2
2639015	T	C	8
2647676	C	A	9
2651721	T	C	4
2653573	C	T	1
2657340	G	A	1
2660563	G	A	17
2660688	G	A	1
2662655	C	T	1
2664830	C	T	1
2668768	G	A	1
2668936	G	A	1
2669492	T	C	1
2673207	C	T	1
2678891	G	A	1
2680062	G	A	1
2681319	C	A	1
2684489	C	T	1
2684573	G	A	1
2690461	G	A	1
2691950	G	A	1
2695029	C	T	1
2695040	G	A	1
2695660	C	T	1
2697312	G	A	1
2697659	C	T	2
2700446	G	A	14
2700466	C	T	4
2705953	C	A	2
2711808	G	T	1
2711975	T	C	18
2724293	C	T	8
2726285	G	A	1
2728508	C	T	17
2728711	C	T	2
2731755	G	A	2
2735690	G	A	1
2735759	G	A	13
2741122	G	A	4
2741773	G	A	9
2743543	G	C	9
2746073	G	A	9
2746792	T	A	1
2747376	T	C	8
2750803	G	A	1
2751236	A	C	9
2753192	G	A	1
2753613	G	A	4
2755378	A	T	6
2756855	G	A	1
2759413	C	T	7
2759478	T	A	2
2769138	C	T	1
2777531	G	A	1
2779709	T	C	1
2784035	T	C	1
2785881	G	A	19
2786204	C	T	1
2787523	G	T	1
2789474	G	A	1
2789726	G	A	2
2793929	G	A	19
2794129	C	A	1
2794488	G	A	1
2796634	C	T	9
2798102	G	A	1
2799637	G	A	4
2801118	A	G	18
2802581	C	T	1
2803314	C	T	19
2807343	C	T	4
2808534	T	C	2
2808720	C	T	1
2812302	C	T	1
2813960	A	G	17
2813988	C	T	2
2816362	G	A	1
2816573	A	G	1
2817033	C	T	1
2822186	G	A	4
2826884	G	A	1
2831069	C	T	8
2831108	A	G	2
2832728	G	T	1
2839812	G	A	18
2840409	C	A	1
2842076	C	T	4
2845944	G	A	1
2847311	G	A	1
2848474	C	A	2
2851425	G	A	2
2852629	G	A	4
2852788	G	A	2
2857026	C	T	1
2857786	G	A	1
2859750	C	T	1
2860092	C	T	1
2866347	G	T	1
2869943	C	A	1
2870117	G	A	4
2870279	G	A	2
2876741	G	A	2
2878047	C	T	2
2878049	T	C	17
2878646	A	G	1
2879552	G	A	2
2885746	C	T	8
2888177	G	A	1
2891240	C	T	17
2895231	C	T	1
2896712	A	G	2
2903887	C	T	1
2912965	G	A	2
2913657	G	A	13
2923575	G	A	5
2927856	G	A	19
2929969	G	A	1
2930203	A	T	1
2932612	A	T	1
2932803	C	T	9
2933394	G	A	2
2935136	G	T	1
2939697	G	A	2
2941420	T	G	1
2946197	G	A	17
2957210	T	A	1
2957248	C	T	2
2957549	G	A	1
2959485	G	A	2
2962601	G	A	2
2967796	G	A	6
2974408	C	T	8
2975906	G	A	1
2976011	T	C	11
2977755	G	A	2
2980985	G	A	2
2981496	C	T	19
2984622	T	C	2
2986182	G	A	1
2987900	A	G	2
2996510	G	A	1
2998327	A	G	2
3008300	C	T	1
3013096	G	A	4
3013384	G	A	17
3015808	G	A	1
3016629	C	T	2
3021031	G	A	1
3021308	C	T	2
3022291	G	A	4
3031786	C	T	1
3038753	C	T	18
3041046	A	G	1
3045684	G	A	2
3045711	G	A	2
3045768	C	T	2
3047313	G	A	1
3048131	G	A	1
3048613	G	A	18
3048757	G	A	18
3049223	C	T	2
3060888	C	T	1
3061539	G	A	4
3064412	T	C	18
3064413	G	T	18
3067400	G	A	4
3067832	A	G	1
3074147	C	T	1
3074556	C	T	1
3074995	G	A	1
3079439	C	T	1
3080290	G	A	1
3082510	C	T	1
3083090	T	A	17
3084590	G	A	2
3089267	G	A	17
3091547	C	T	1
3092024	A	T	4
3093475	G	A	1
3095443	G	A	19
3097045	A	G	1
3097939	C	T	1
3098398	G	A	2
3098925	C	T	4
3099283	G	A	8
3099378	G	A	1
3103149	G	A	1
3103441	C	T	2
3107350	C	T	1
3108060	C	T	1
3110898	G	A	1
3110974	G	A	4
3111746	G	A	1
3111833	G	A	1
3111914	C	T	1
3113086	C	T	1
3114045	C	T	2
3118482	G	A	1
3122432	T	C	2
3122442	T	C	1
3123063	A	T	2
3124933	T	C	2
3126273	G	A	9
3128443	C	T	34
3129897	T	G	1
3130420	G	A	4
3132482	G	A	1
3133367	C	A	4
3139467	G	T	1
3148421	C	T	2
3151320	G	A	2
3152650	A	G	4
3153923	C	T	1
3154416	G	A	1
3154948	C	T	17
3159322	G	A	7
3160484	G	T	1
3161878	G	A	1
3162567	T	C	1
3167334	C	A	6
3168098	G	A	1
3170168	A	G	2
3170861	G	A	1
3171113	A	C	2
3176611	C	T	4
3179172	C	T	9
3180028	C	T	1
3181974	C	T	2
3182532	G	A	1
3185989	G	A	2
3196703	G	A	1
3197078	C	T	4
3206879	A	G	1
3207682	C	T	2
3208345	G	A	1
3208604	G	A	2
3213827	C	A	1
3214633	C	T	2
3217295	C	T	9
3219540	G	T	6
3224408	G	A	1
3224756	C	T	7
3225500	C	T	4
3227242	C	A	1
3237108	G	A	18
3237554	G	T	2
3242081	A	G	17
3242339	G	A	1
3249040	G	A	1
3249954	G	A	1
3264333	G	A	1
3269414	G	A	2
3270346	T	C	1
3270530	G	A	1
3272767	G	A	1
3281469	C	T	1
3281475	C	A	1
3284725	A	T	17
3286907	C	T	1
3292636	G	A	1
3297129	A	T	1
3302848	C	A	3
3303616	A	G	2
3305943	G	A	5
3311053	C	T	1
3316230	C	T	4
3318919	G	A	6
3325235	G	A	2
3325322	G	A	1
3330642	C	T	1
3331738	G	T	8
3339634	C	T	3
3343686	A	G	1
3346629	C	T	2
3348411	G	A	1
3348910	C	T	1
3353799	C	A	6
3355111	C	T	1
3360518	T	C	1
3361086	G	T	9
3362075	C	T	7
3365828	C	T	8
3366730	C	T	1
3367010	C	T	2
3369163	G	A	4
3376020	C	T	1
3377296	G	A	1
3377503	G	A	1
3379604	T	C	17
3390011	C	T	2
3390441	G	A	1
3392464	G	A	1
3398984	G	A	1
3399831	C	T	2
3401366	G	A	4
3408080	G	A	1
3415394	T	C	18
3416074	A	G	18
3425240	C	T	2
3425311	T	C	1
3426391	G	A	2
3429691	G	A	1
3429856	C	G	1
3431540	G	T	1
3434756	C	T	9
3438961	G	A	1
3441838	T	C	1
3447329	T	C	1
3448353	C	T	1
3450687	C	T	2
3450732	G	T	13
3452006	G	A	1
3452743	C	T	1
3457091	C	T	1
3476189	C	T	9
3479364	C	T	2
3484909	G	A	9
3485449	G	A	1
3485746	G	A	1
3496435	C	T	1
3497416	G	A	4
3517816	C	A	2
3549475	G	A	4
3550113	G	A	1
3550196	G	A	1
3550918	A	G	1
3552500	G	T	1
3552501	A	C	1
3558719	G	A	4
3563369	G	A	9
3565495	C	T	17
3567471	C	T	2
3574022	C	T	1
3588180	C	T	1
3591247	G	A	18
3592213	G	A	18
3593580	C	T	4
3603763	C	T	1
3605825	C	T	1
3612816	T	C	1
3616467	A	G	1
3617031	G	A	1
3627088	G	A	2
3627908	C	T	1
3631266	C	T	2
3631268	G	A	1
3631870	G	A	2
3635202	G	A	1
3649416	G	A	1
3653401	C	T	1
3661282	C	T	1
3663340	G	A	1
3667098	C	T	2
3676292	C	T	2
3682933	G	A	1
3683043	A	G	1
3685572	C	T	1
3687516	G	A	4
3688121	C	T	1
3696892	C	T	1
3701110	G	T	1
3709199	G	A	1
3710197	C	T	1
3712669	G	A	1
3713298	G	A	5
3716382	T	C	1
3718790	C	T	2
3721058	G	A	1
3721326	T	C	1
3724684	C	T	1
3725686	G	A	1
3733101	C	T	4
3736760	T	C	7
3738042	T	C	2
3739028	C	T	2
3754749	G	C	1
3757403	C	T	1
3764092	G	A	2
3764529	C	T	1
3764914	G	A	2
3765188	C	T	1
3765753	G	A	1
3770198	G	A	1
3775898	C	A	4
3780646	G	A	19
3785496	C	T	8
3786687	T	G	4
3788786	G	A	18
3789611	G	A	2
3796278	G	A	4
3800089	C	T	1
3801431	C	T	1
3805448	G	C	8
3813249	G	A	1
3817219	G	A	1
3818760	G	A	1
3818809	G	A	4
3840969	C	T	2
3841969	G	A	9
3842896	G	T	1
3846619	G	A	18
3846710	C	T	1
3846842	C	T	1
3848106	C	T	2
3851046	C	T	1
3854153	G	T	1
3856269	G	A	10
3864387	C	A	1
3869540	G	A	1
3871193	G	A	4
3877748	G	A	9
3884181	G	A	1
3886880	T	C	1
3888559	C	T	1
3889356	A	T	17
3890683	C	T	1
3899073	C	T	1
3899401	A	G	8
3901988	C	T	1
3905303	C	T	1
3908095	A	C	2
3912083	G	A	12
3913503	C	T	1
3916716	C	T	2
3918596	G	A	9
3920810	A	G	1
3927488	C	T	2
3928618	G	A	1
3933770	G	A	4
3936256	G	A	17
3937539	C	T	1
3940439	T	C	1
3944805	T	A	2
3945958	C	T	5
3946305	A	G	1
3954062	C	T	1
3954269	C	T	4
3956091	T	C	2
3956092	A	C	2
3962110	G	A	2
3963765	C	T	4
3967356	C	T	1
3967433	A	G	1
3969761	G	A	4
3970322	G	A	1
3975799	C	A	1
3978091	G	A	1
3983552	C	T	1
3986154	C	T	1
3989812	C	T	4
3991251	C	T	2
3992584	G	A	2
3996717	C	T	1
3997480	C	T	1
4000219	C	T	2
4001843	A	T	3
4005473	G	A	19
4007096	C	T	1
4007340	A	T	2
4012313	A	T	1
4012526	G	A	2
4014323	G	A	1
4017301	G	A	1
4018423	G	A	1
4019334	G	A	1
4019716	G	T	1
4022754	C	T	1
4022984	A	C	1
4031573	G	A	1
4035918	T	C	1
4035986	G	A	2
4040989	C	T	4
4047833	G	A	4
4048498	G	A	1
4049317	A	G	1
4058906	C	G	2
4059138	C	T	4
4060066	C	T	2
4061435	G	T	1
4063345	T	C	1
4064247	A	G	1
4065188	G	A	4
4066854	G	A	2
4068571	G	A	2
4070889	G	A	4
4070938	C	T	19
4071202	G	T	1
4072310	C	T	1
4074033	G	A	1
4079033	C	T	1
4081497	C	T	9
4081929	G	T	1
4084037	G	A	1
4085093	T	C	1
4086161	C	A	8
4087615	C	T	8
4089489	C	T	1
4092209	G	A	1
4093789	A	G	2
4095861	G	A	4
4096273	G	A	1
4101781	T	C	1
4104935	G	A	15
4105815	G	A	17
4109027	C	T	1
4109031	T	C	17
4109053	C	T	2
4109200	G	T	1
4110893	C	T	1
4111053	A	G	1
4112894	C	T	4
4115208	C	T	2
4116730	G	A	4
4123158	C	T	2
4124784	C	T	2
4125032	G	A	1
4126345	G	A	4
4128913	A	G	1
4130641	C	T	1
4130712	G	A	1
4134293	G	A	1
4135597	T	A	2
4139379	G	A	4
4142555	C	T	1
4142643	G	A	2
4143541	G	A	2
4145601	A	G	1
4148498	C	T	18
4149397	A	C	1
4152837	C	A	2
4158803	T	G	1
4160312	G	A	1
4160788	C	T	3
4161880	G	A	1
4162064	G	A	1
4165535	T	G	1
4171106	G	A	1
4177122	G	A	1
4190473	C	A	4
4194665	C	T	1
4196421	T	C	4
4205211	C	T	1
4208305	G	A	4
4208535	G	A	1
4210125	C	T	1
4212875	C	T	1
4215228	A	C	1
4215975	G	A	4
4219084	C	T	1
4219505	C	T	1
4221169	C	T	2
4222223	C	T	3
4222631	G	A	1
4227132	T	C	4
4231327	C	A	2
4244298	C	T	2
4245803	C	T	4
4252258	G	T	1
4263443	C	T	1
4265240	C	T	4
4265892	C	T	9
4266159	A	G	1
4270043	C	T	1
4271461	C	T	1
4273601	G	A	4
4275330	G	A	2
4275421	G	A	4
4276243	G	A	4
4276947	T	C	1
4278156	A	G	1
4278721	A	G	1
4280657	C	T	4
4285441	C	T	1
4287739	A	G	1
4288126	C	T	1
4288468	C	T	2
4289262	T	C	1
4295540	A	G	4
4303619	G	A	8
4306296	C	T	4
4308669	G	A	2
4311406	C	T	4
4315209	G	A	18
4317527	C	T	1
4319246	G	T	1
4326025	C	T	4
4329776	G	A	1
4330934	G	A	1
4338520	C	T	1
4341006	C	A	1
4348443	G	A	2
4349096	T	C	1
4350156	C	T	1
4350234	G	T	1
4358163	C	T	12
4358634	C	A	1
4361144	G	A	1
4363386	C	T	2
4364469	G	C	2
4366028	C	T	1
4369853	T	A	1
4373447	G	A	1
4374703	A	G	8
4374804	C	T	1
4376010	C	T	1
4385848	C	T	1
4391447	G	A	1
4393128	C	T	1
4393982	G	A	1
4395840	T	C	1
4396951	C	T	9
4403135	C	A	1
4403514	C	T	1
4406383	C	T	1
4543099	A	C	1
4544172	C	T	4
4552481	G	T	1
4558474	C	T	4
4563479	G	T	1
4564382	T	C	8
4568168	G	A	1
4571012	G	A	1
4573546	G	A	8
4578870	G	A	7
4580600	G	A	9
4585827	C	T	17
4593665	C	T	2
4595835	T	C	4
4600578	C	T	1
4601806	G	A	2
4603116	G	A	1
4608643	C	T	2
4615939	G	A	1
4619720	C	T	9
4623304	G	A	2
4624311	C	G	2
4624564	C	T	2
4628328	C	T	2
4628958	G	A	1
4629779	A	T	3
4633407	C	T	3
4635125	C	T	10
4637033	G	A	2
4640492	C	T	1
4644081	C	T	4
4648252	C	T	4
4650145	G	A	1
4652498	C	T	1
4655941	G	A	1
4661308	C	T	1
4661732	G	A	1
4661746	C	T	1
4662238	C	T	1
4663138	G	A	1
4665972	C	T	1
4666723	G	T	1
4666962	A	G	4
4667942	A	G	2
4668539	C	T	1
4669718	G	A	19
4670862	C	A	4
4670977	C	T	2
4673566	G	A	2
4673784	T	G	2
4674196	C	T	2
4674323	C	G	1
4675997	G	A	1
4696214	C	T	1
4697864	G	A	1
4700154	C	T	1
4700485	C	T	1
4700756	G	A	4
4707905	C	T	12
4710881	G	A	1
4711655	G	T	1
4711657	A	G	1
4719118	C	T	19
4720353	T	G	1
4720752	C	T	1
4725913	G	A	1
4726457	G	A	1
4727796	G	A	4
4730632	C	T	1
4732695	G	A	2
4733882	C	T	4
4737949	A	G	1
4743625	A	C	1
4746068	C	T	1
4747782	C	T	1
4751947	C	T	1
4754079	G	A	1
4754231	C	T	1
4755070	G	T	1
4759129	G	A	9
4760967	C	T	4
4765856	T	C	1
4766707	A	C	1
4767233	G	A	1
4768023	G	A	1
4768988	C	A	2
4776741	G	A	1
4783998	C	T	1
4785254	G	A	4
4786306	C	T	1
4788480	A	G	8
4789486	T	C	1
4791385	A	G	1
4791493	C	A	1
4792486	A	G	1
4796894	G	A	1
4798145	C	T	2
4800532	G	A	1
4802763	G	A	4
4802988	T	C	1
4807112	G	A	1
4807932	C	T	4
4808250	T	A	18
