"run_accession","sample_accession","fastq_ftp"
"ERR731350","SAMEA2603090","ftp.sra.ebi.ac.uk/vol1/fastq/ERR731/ERR731350/ERR731350_1.fastq.gz;ftp.sra.ebi.ac.uk/vol1/fastq/ERR731/ERR731350/ERR731350_2.fastq.gz"
"ERR731351","SAMEA2603092","ftp.sra.ebi.ac.uk/vol1/fastq/ERR731/ERR731351/ERR731351_1.fastq.gz;ftp.sra.ebi.ac.uk/vol1/fastq/ERR731/ERR731351/ERR731351_2.fastq.gz"
"ERR731353","SAMEA2603095","ftp.sra.ebi.ac.uk/vol1/fastq/ERR731/ERR731353/ERR731353_1.fastq.gz;ftp.sra.ebi.ac.uk/vol1/fastq/ERR731/ERR731353/ERR731353_2.fastq.gz"
"ERR731354","SAMEA2603097","ftp.sra.ebi.ac.uk/vol1/fastq/ERR731/ERR731354/ERR731354_1.fastq.gz;ftp.sra.ebi.ac.uk/vol1/fastq/ERR731/ERR731354/ERR731354_2.fastq.gz"
"ERR731358","SAMEA2603105","ftp.sra.ebi.ac.uk/vol1/fastq/ERR731/ERR731358/ERR731358_1.fastq.gz;ftp.sra.ebi.ac.uk/vol1/fastq/ERR731/ERR731358/ERR731358_2.fastq.gz"
"ERR731361","SAMEA2603110","ftp.sra.ebi.ac.uk/vol1/fastq/ERR731/ERR731361/ERR731361_1.fastq.gz;ftp.sra.ebi.ac.uk/vol1/fastq/ERR731/ERR731361/ERR731361_2.fastq.gz"
"ERR731367","SAMEA2603122","ftp.sra.ebi.ac.uk/vol1/fastq/ERR731/ERR731367/ERR731367_1.fastq.gz;ftp.sra.ebi.ac.uk/vol1/fastq/ERR731/ERR731367/ERR731367_2.fastq.gz"
"ERR731370","SAMEA2603127","ftp.sra.ebi.ac.uk/vol1/fastq/ERR731/ERR731370/ERR731370_1.fastq.gz;ftp.sra.ebi.ac.uk/vol1/fastq/ERR731/ERR731370/ERR731370_2.fastq.gz"
"ERR731374","SAMEA2603134","ftp.sra.ebi.ac.uk/vol1/fastq/ERR731/ERR731374/ERR731374_1.fastq.gz;ftp.sra.ebi.ac.uk/vol1/fastq/ERR731/ERR731374/ERR731374_2.fastq.gz"
"ERR731379","SAMEA2603143","ftp.sra.ebi.ac.uk/vol1/fastq/ERR731/ERR731379/ERR731379_1.fastq.gz;ftp.sra.ebi.ac.uk/vol1/fastq/ERR731/ERR731379/ERR731379_2.fastq.gz"
"ERR731383","SAMEA2603151","ftp.sra.ebi.ac.uk/vol1/fastq/ERR731/ERR731383/ERR731383_1.fastq.gz;ftp.sra.ebi.ac.uk/vol1/fastq/ERR731/ERR731383/ERR731383_2.fastq.gz"
"ERR731385","SAMEA2603154","ftp.sra.ebi.ac.uk/vol1/fastq/ERR731/ERR731385/ERR731385_1.fastq.gz;ftp.sra.ebi.ac.uk/vol1/fastq/ERR731/ERR731385/ERR731385_2.fastq.gz"
"ERR731389","SAMEA2603162","ftp.sra.ebi.ac.uk/vol1/fastq/ERR731/ERR731389/ERR731389_1.fastq.gz;ftp.sra.ebi.ac.uk/vol1/fastq/ERR731/ERR731389/ERR731389_2.fastq.gz"
"ERR731394","SAMEA2603171","ftp.sra.ebi.ac.uk/vol1/fastq/ERR731/ERR731394/ERR731394_1.fastq.gz;ftp.sra.ebi.ac.uk/vol1/fastq/ERR731/ERR731394/ERR731394_2.fastq.gz"
"ERR731398","SAMEA2603179","ftp.sra.ebi.ac.uk/vol1/fastq/ERR731/ERR731398/ERR731398_1.fastq.gz;ftp.sra.ebi.ac.uk/vol1/fastq/ERR731/ERR731398/ERR731398_2.fastq.gz"
"ERR731403","SAMEA2603188","ftp.sra.ebi.ac.uk/vol1/fastq/ERR731/ERR731403/ERR731403_1.fastq.gz;ftp.sra.ebi.ac.uk/vol1/fastq/ERR731/ERR731403/ERR731403_2.fastq.gz"
"ERR731404","SAMEA2603190","ftp.sra.ebi.ac.uk/vol1/fastq/ERR731/ERR731404/ERR731404_1.fastq.gz;ftp.sra.ebi.ac.uk/vol1/fastq/ERR731/ERR731404/ERR731404_2.fastq.gz"
"ERR731405","SAMEA2603192","ftp.sra.ebi.ac.uk/vol1/fastq/ERR731/ERR731405/ERR731405_1.fastq.gz;ftp.sra.ebi.ac.uk/vol1/fastq/ERR731/ERR731405/ERR731405_2.fastq.gz"
"ERR731409","SAMEA2603199","ftp.sra.ebi.ac.uk/vol1/fastq/ERR731/ERR731409/ERR731409_1.fastq.gz;ftp.sra.ebi.ac.uk/vol1/fastq/ERR731/ERR731409/ERR731409_2.fastq.gz"
"ERR731413","SAMEA2603206","ftp.sra.ebi.ac.uk/vol1/fastq/ERR731/ERR731413/ERR731413_1.fastq.gz;ftp.sra.ebi.ac.uk/vol1/fastq/ERR731/ERR731413/ERR731413_2.fastq.gz"
"ERR731414","SAMEA2603208","ftp.sra.ebi.ac.uk/vol1/fastq/ERR731/ERR731414/ERR731414_1.fastq.gz;ftp.sra.ebi.ac.uk/vol1/fastq/ERR731/ERR731414/ERR731414_2.fastq.gz"
"ERR731423","SAMEA2603225","ftp.sra.ebi.ac.uk/vol1/fastq/ERR731/ERR731423/ERR731423_1.fastq.gz;ftp.sra.ebi.ac.uk/vol1/fastq/ERR731/ERR731423/ERR731423_2.fastq.gz"
"ERR731426","SAMEA2603230","ftp.sra.ebi.ac.uk/vol1/fastq/ERR731/ERR731426/ERR731426_1.fastq.gz;ftp.sra.ebi.ac.uk/vol1/fastq/ERR731/ERR731426/ERR731426_2.fastq.gz"
"ERR731437","SAMEA2603248","ftp.sra.ebi.ac.uk/vol1/fastq/ERR731/ERR731437/ERR731437_1.fastq.gz;ftp.sra.ebi.ac.uk/vol1/fastq/ERR731/ERR731437/ERR731437_2.fastq.gz"
"ERR573929","SAMEA2547734","ftp.sra.ebi.ac.uk/vol1/fastq/ERR573/ERR573929/ERR573929_1.fastq.gz;ftp.sra.ebi.ac.uk/vol1/fastq/ERR573/ERR573929/ERR573929_2.fastq.gz"
"ERR573937","SAMEA2547742","ftp.sra.ebi.ac.uk/vol1/fastq/ERR573/ERR573937/ERR573937_1.fastq.gz;ftp.sra.ebi.ac.uk/vol1/fastq/ERR573/ERR573937/ERR573937_2.fastq.gz"
"ERR573938","SAMEA2547720","ftp.sra.ebi.ac.uk/vol1/fastq/ERR573/ERR573938/ERR573938_1.fastq.gz;ftp.sra.ebi.ac.uk/vol1/fastq/ERR573/ERR573938/ERR573938_2.fastq.gz"
"ERR573941","SAMEA2547723","ftp.sra.ebi.ac.uk/vol1/fastq/ERR573/ERR573941/ERR573941_1.fastq.gz;ftp.sra.ebi.ac.uk/vol1/fastq/ERR573/ERR573941/ERR573941_2.fastq.gz"
"ERR573950","SAMEA2547744","ftp.sra.ebi.ac.uk/vol1/fastq/ERR573/ERR573950/ERR573950_1.fastq.gz;ftp.sra.ebi.ac.uk/vol1/fastq/ERR573/ERR573950/ERR573950_2.fastq.gz"
"ERR573955","SAMEA2547749","ftp.sra.ebi.ac.uk/vol1/fastq/ERR573/ERR573955/ERR573955_1.fastq.gz;ftp.sra.ebi.ac.uk/vol1/fastq/ERR573/ERR573955/ERR573955_2.fastq.gz"
"ERR573960","SAMEA2547754","ftp.sra.ebi.ac.uk/vol1/fastq/ERR573/ERR573960/ERR573960_1.fastq.gz;ftp.sra.ebi.ac.uk/vol1/fastq/ERR573/ERR573960/ERR573960_2.fastq.gz"
"ERR573967","SAMEA2547761","ftp.sra.ebi.ac.uk/vol1/fastq/ERR573/ERR573967/ERR573967_1.fastq.gz;ftp.sra.ebi.ac.uk/vol1/fastq/ERR573/ERR573967/ERR573967_2.fastq.gz"
"ERR573969","SAMEA2547763","ftp.sra.ebi.ac.uk/vol1/fastq/ERR573/ERR573969/ERR573969_1.fastq.gz;ftp.sra.ebi.ac.uk/vol1/fastq/ERR573/ERR573969/ERR573969_2.fastq.gz"
"ERR657369","SAMEA2603252","ftp.sra.ebi.ac.uk/vol1/fastq/ERR657/ERR657369/ERR657369_1.fastq.gz;ftp.sra.ebi.ac.uk/vol1/fastq/ERR657/ERR657369/ERR657369_2.fastq.gz"
"ERR657375","SAMEA2603087","ftp.sra.ebi.ac.uk/vol1/fastq/ERR657/ERR657375/ERR657375_1.fastq.gz;ftp.sra.ebi.ac.uk/vol1/fastq/ERR657/ERR657375/ERR657375_2.fastq.gz"
"ERR657380","SAMEA2603098","ftp.sra.ebi.ac.uk/vol1/fastq/ERR657/ERR657380/ERR657380_1.fastq.gz;ftp.sra.ebi.ac.uk/vol1/fastq/ERR657/ERR657380/ERR657380_2.fastq.gz"
"ERR657381","SAMEA2603100","ftp.sra.ebi.ac.uk/vol1/fastq/ERR657/ERR657381/ERR657381_1.fastq.gz;ftp.sra.ebi.ac.uk/vol1/fastq/ERR657/ERR657381/ERR657381_2.fastq.gz"
"ERR657382","SAMEA2603102","ftp.sra.ebi.ac.uk/vol1/fastq/ERR657/ERR657382/ERR657382_1.fastq.gz;ftp.sra.ebi.ac.uk/vol1/fastq/ERR657/ERR657382/ERR657382_2.fastq.gz"
"ERR657397","SAMEA2603135","ftp.sra.ebi.ac.uk/vol1/fastq/ERR657/ERR657397/ERR657397_1.fastq.gz;ftp.sra.ebi.ac.uk/vol1/fastq/ERR657/ERR657397/ERR657397_2.fastq.gz"
"ERR657399","SAMEA2603140","ftp.sra.ebi.ac.uk/vol1/fastq/ERR657/ERR657399/ERR657399_1.fastq.gz;ftp.sra.ebi.ac.uk/vol1/fastq/ERR657/ERR657399/ERR657399_2.fastq.gz"
"ERR657401","SAMEA2603144","ftp.sra.ebi.ac.uk/vol1/fastq/ERR657/ERR657401/ERR657401_1.fastq.gz;ftp.sra.ebi.ac.uk/vol1/fastq/ERR657/ERR657401/ERR657401_2.fastq.gz"
"ERR657407","SAMEA2603157","ftp.sra.ebi.ac.uk/vol1/fastq/ERR657/ERR657407/ERR657407_1.fastq.gz;ftp.sra.ebi.ac.uk/vol1/fastq/ERR657/ERR657407/ERR657407_2.fastq.gz"
"ERR657409","SAMEA2603161","ftp.sra.ebi.ac.uk/vol1/fastq/ERR657/ERR657409/ERR657409_1.fastq.gz;ftp.sra.ebi.ac.uk/vol1/fastq/ERR657/ERR657409/ERR657409_2.fastq.gz"
"ERR657410","SAMEA2603163","ftp.sra.ebi.ac.uk/vol1/fastq/ERR657/ERR657410/ERR657410_1.fastq.gz;ftp.sra.ebi.ac.uk/vol1/fastq/ERR657/ERR657410/ERR657410_2.fastq.gz"
"ERR657413","SAMEA2603170","ftp.sra.ebi.ac.uk/vol1/fastq/ERR657/ERR657413/ERR657413_1.fastq.gz;ftp.sra.ebi.ac.uk/vol1/fastq/ERR657/ERR657413/ERR657413_2.fastq.gz"
"ERR657415","SAMEA2603174","ftp.sra.ebi.ac.uk/vol1/fastq/ERR657/ERR657415/ERR657415_1.fastq.gz;ftp.sra.ebi.ac.uk/vol1/fastq/ERR657/ERR657415/ERR657415_2.fastq.gz"
"ERR657416","SAMEA2603176","ftp.sra.ebi.ac.uk/vol1/fastq/ERR657/ERR657416/ERR657416_1.fastq.gz;ftp.sra.ebi.ac.uk/vol1/fastq/ERR657/ERR657416/ERR657416_2.fastq.gz"
"ERR657426","SAMEA2603197","ftp.sra.ebi.ac.uk/vol1/fastq/ERR657/ERR657426/ERR657426_1.fastq.gz;ftp.sra.ebi.ac.uk/vol1/fastq/ERR657/ERR657426/ERR657426_2.fastq.gz"
"ERR657428","SAMEA2603202","ftp.sra.ebi.ac.uk/vol1/fastq/ERR657/ERR657428/ERR657428_1.fastq.gz;ftp.sra.ebi.ac.uk/vol1/fastq/ERR657/ERR657428/ERR657428_2.fastq.gz"
"ERR657442","SAMEA2603236","ftp.sra.ebi.ac.uk/vol1/fastq/ERR657/ERR657442/ERR657442_1.fastq.gz;ftp.sra.ebi.ac.uk/vol1/fastq/ERR657/ERR657442/ERR657442_2.fastq.gz"
"ERR657446","SAMEA2603244","ftp.sra.ebi.ac.uk/vol1/fastq/ERR657/ERR657446/ERR657446_1.fastq.gz;ftp.sra.ebi.ac.uk/vol1/fastq/ERR657/ERR657446/ERR657446_2.fastq.gz"
"ERR657450","SAMEA2603253","ftp.sra.ebi.ac.uk/vol1/fastq/ERR657/ERR657450/ERR657450_1.fastq.gz;ftp.sra.ebi.ac.uk/vol1/fastq/ERR657/ERR657450/ERR657450_2.fastq.gz"
"ERR657454","SAMEA2603257","ftp.sra.ebi.ac.uk/vol1/fastq/ERR657/ERR657454/ERR657454_1.fastq.gz;ftp.sra.ebi.ac.uk/vol1/fastq/ERR657/ERR657454/ERR657454_2.fastq.gz"
"ERR731344","SAMEA2603077","ftp.sra.ebi.ac.uk/vol1/fastq/ERR731/ERR731344/ERR731344_1.fastq.gz;ftp.sra.ebi.ac.uk/vol1/fastq/ERR731/ERR731344/ERR731344_2.fastq.gz"
"ERR731352","SAMEA2603094","ftp.sra.ebi.ac.uk/vol1/fastq/ERR731/ERR731352/ERR731352_1.fastq.gz;ftp.sra.ebi.ac.uk/vol1/fastq/ERR731/ERR731352/ERR731352_2.fastq.gz"
"ERR731360","SAMEA2603108","ftp.sra.ebi.ac.uk/vol1/fastq/ERR731/ERR731360/ERR731360_1.fastq.gz;ftp.sra.ebi.ac.uk/vol1/fastq/ERR731/ERR731360/ERR731360_2.fastq.gz"
"ERR731365","SAMEA2603118","ftp.sra.ebi.ac.uk/vol1/fastq/ERR731/ERR731365/ERR731365_1.fastq.gz;ftp.sra.ebi.ac.uk/vol1/fastq/ERR731/ERR731365/ERR731365_2.fastq.gz"
"ERR731366","SAMEA2603120","ftp.sra.ebi.ac.uk/vol1/fastq/ERR731/ERR731366/ERR731366_1.fastq.gz;ftp.sra.ebi.ac.uk/vol1/fastq/ERR731/ERR731366/ERR731366_2.fastq.gz"
"ERR731369","SAMEA2603125","ftp.sra.ebi.ac.uk/vol1/fastq/ERR731/ERR731369/ERR731369_1.fastq.gz;ftp.sra.ebi.ac.uk/vol1/fastq/ERR731/ERR731369/ERR731369_2.fastq.gz"
"ERR731371","SAMEA2603129","ftp.sra.ebi.ac.uk/vol1/fastq/ERR731/ERR731371/ERR731371_1.fastq.gz;ftp.sra.ebi.ac.uk/vol1/fastq/ERR731/ERR731371/ERR731371_2.fastq.gz"
"ERR731373","SAMEA2603132","ftp.sra.ebi.ac.uk/vol1/fastq/ERR731/ERR731373/ERR731373_1.fastq.gz;ftp.sra.ebi.ac.uk/vol1/fastq/ERR731/ERR731373/ERR731373_2.fastq.gz"
"ERR731377","SAMEA2603139","ftp.sra.ebi.ac.uk/vol1/fastq/ERR731/ERR731377/ERR731377_1.fastq.gz;ftp.sra.ebi.ac.uk/vol1/fastq/ERR731/ERR731377/ERR731377_2.fastq.gz"
"ERR731386","SAMEA2603156","ftp.sra.ebi.ac.uk/vol1/fastq/ERR731/ERR731386/ERR731386_1.fastq.gz;ftp.sra.ebi.ac.uk/vol1/fastq/ERR731/ERR731386/ERR731386_2.fastq.gz"
"ERR731391","SAMEA2603166","ftp.sra.ebi.ac.uk/vol1/fastq/ERR731/ERR731391/ERR731391_1.fastq.gz;ftp.sra.ebi.ac.uk/vol1/fastq/ERR731/ERR731391/ERR731391_2.fastq.gz"
"ERR731400","SAMEA2603183","ftp.sra.ebi.ac.uk/vol1/fastq/ERR731/ERR731400/ERR731400_1.fastq.gz;ftp.sra.ebi.ac.uk/vol1/fastq/ERR731/ERR731400/ERR731400_2.fastq.gz"
"ERR731401","SAMEA2603184","ftp.sra.ebi.ac.uk/vol1/fastq/ERR731/ERR731401/ERR731401_1.fastq.gz;ftp.sra.ebi.ac.uk/vol1/fastq/ERR731/ERR731401/ERR731401_2.fastq.gz"
"ERR731402","SAMEA2603186","ftp.sra.ebi.ac.uk/vol1/fastq/ERR731/ERR731402/ERR731402_1.fastq.gz;ftp.sra.ebi.ac.uk/vol1/fastq/ERR731/ERR731402/ERR731402_2.fastq.gz"
"ERR731408","SAMEA2603198","ftp.sra.ebi.ac.uk/vol1/fastq/ERR731/ERR731408/ERR731408_1.fastq.gz;ftp.sra.ebi.ac.uk/vol1/fastq/ERR731/ERR731408/ERR731408_2.fastq.gz"
"ERR731422","SAMEA2603223","ftp.sra.ebi.ac.uk/vol1/fastq/ERR731/ERR731422/ERR731422_1.fastq.gz;ftp.sra.ebi.ac.uk/vol1/fastq/ERR731/ERR731422/ERR731422_2.fastq.gz"
"ERR731427","SAMEA2603231","ftp.sra.ebi.ac.uk/vol1/fastq/ERR731/ERR731427/ERR731427_1.fastq.gz;ftp.sra.ebi.ac.uk/vol1/fastq/ERR731/ERR731427/ERR731427_2.fastq.gz"
"ERR731434","SAMEA2603243","ftp.sra.ebi.ac.uk/vol1/fastq/ERR731/ERR731434/ERR731434_1.fastq.gz;ftp.sra.ebi.ac.uk/vol1/fastq/ERR731/ERR731434/ERR731434_2.fastq.gz"
"ERR573933","SAMEA2547738","ftp.sra.ebi.ac.uk/vol1/fastq/ERR573/ERR573933/ERR573933_1.fastq.gz;ftp.sra.ebi.ac.uk/vol1/fastq/ERR573/ERR573933/ERR573933_2.fastq.gz"
"ERR573939","SAMEA2547721","ftp.sra.ebi.ac.uk/vol1/fastq/ERR573/ERR573939/ERR573939_1.fastq.gz;ftp.sra.ebi.ac.uk/vol1/fastq/ERR573/ERR573939/ERR573939_2.fastq.gz"
"ERR573942","SAMEA2547724","ftp.sra.ebi.ac.uk/vol1/fastq/ERR573/ERR573942/ERR573942_1.fastq.gz;ftp.sra.ebi.ac.uk/vol1/fastq/ERR573/ERR573942/ERR573942_2.fastq.gz"
"ERR573949","SAMEA2547731","ftp.sra.ebi.ac.uk/vol1/fastq/ERR573/ERR573949/ERR573949_1.fastq.gz;ftp.sra.ebi.ac.uk/vol1/fastq/ERR573/ERR573949/ERR573949_2.fastq.gz"
"ERR573952","SAMEA2547746","ftp.sra.ebi.ac.uk/vol1/fastq/ERR573/ERR573952/ERR573952_1.fastq.gz;ftp.sra.ebi.ac.uk/vol1/fastq/ERR573/ERR573952/ERR573952_2.fastq.gz"
"ERR573958","SAMEA2547752","ftp.sra.ebi.ac.uk/vol1/fastq/ERR573/ERR573958/ERR573958_1.fastq.gz;ftp.sra.ebi.ac.uk/vol1/fastq/ERR573/ERR573958/ERR573958_2.fastq.gz"
"ERR573959","SAMEA2547753","ftp.sra.ebi.ac.uk/vol1/fastq/ERR573/ERR573959/ERR573959_1.fastq.gz;ftp.sra.ebi.ac.uk/vol1/fastq/ERR573/ERR573959/ERR573959_2.fastq.gz"
"ERR573961","SAMEA2547755","ftp.sra.ebi.ac.uk/vol1/fastq/ERR573/ERR573961/ERR573961_1.fastq.gz;ftp.sra.ebi.ac.uk/vol1/fastq/ERR573/ERR573961/ERR573961_2.fastq.gz"
"ERR573963","SAMEA2547757","ftp.sra.ebi.ac.uk/vol1/fastq/ERR573/ERR573963/ERR573963_1.fastq.gz;ftp.sra.ebi.ac.uk/vol1/fastq/ERR573/ERR573963/ERR573963_2.fastq.gz"
"ERR573971","SAMEA2547765","ftp.sra.ebi.ac.uk/vol1/fastq/ERR573/ERR573971/ERR573971_1.fastq.gz;ftp.sra.ebi.ac.uk/vol1/fastq/ERR573/ERR573971/ERR573971_2.fastq.gz"
"ERR657374","SAMEA2603085","ftp.sra.ebi.ac.uk/vol1/fastq/ERR657/ERR657374/ERR657374_1.fastq.gz;ftp.sra.ebi.ac.uk/vol1/fastq/ERR657/ERR657374/ERR657374_2.fastq.gz"
"ERR657388","SAMEA2603115","ftp.sra.ebi.ac.uk/vol1/fastq/ERR657/ERR657388/ERR657388_1.fastq.gz;ftp.sra.ebi.ac.uk/vol1/fastq/ERR657/ERR657388/ERR657388_2.fastq.gz"
"ERR657390","SAMEA2603119","ftp.sra.ebi.ac.uk/vol1/fastq/ERR657/ERR657390/ERR657390_1.fastq.gz;ftp.sra.ebi.ac.uk/vol1/fastq/ERR657/ERR657390/ERR657390_2.fastq.gz"
"ERR657391","SAMEA2603121","ftp.sra.ebi.ac.uk/vol1/fastq/ERR657/ERR657391/ERR657391_1.fastq.gz;ftp.sra.ebi.ac.uk/vol1/fastq/ERR657/ERR657391/ERR657391_2.fastq.gz"
"ERR657393","SAMEA2603126","ftp.sra.ebi.ac.uk/vol1/fastq/ERR657/ERR657393/ERR657393_1.fastq.gz;ftp.sra.ebi.ac.uk/vol1/fastq/ERR657/ERR657393/ERR657393_2.fastq.gz"
"ERR657396","SAMEA2603133","ftp.sra.ebi.ac.uk/vol1/fastq/ERR657/ERR657396/ERR657396_1.fastq.gz;ftp.sra.ebi.ac.uk/vol1/fastq/ERR657/ERR657396/ERR657396_2.fastq.gz"
"ERR657404","SAMEA2603150","ftp.sra.ebi.ac.uk/vol1/fastq/ERR657/ERR657404/ERR657404_1.fastq.gz;ftp.sra.ebi.ac.uk/vol1/fastq/ERR657/ERR657404/ERR657404_2.fastq.gz"
"ERR657405","SAMEA2603152","ftp.sra.ebi.ac.uk/vol1/fastq/ERR657/ERR657405/ERR657405_1.fastq.gz;ftp.sra.ebi.ac.uk/vol1/fastq/ERR657/ERR657405/ERR657405_2.fastq.gz"
"ERR657427","SAMEA2603200","ftp.sra.ebi.ac.uk/vol1/fastq/ERR657/ERR657427/ERR657427_1.fastq.gz;ftp.sra.ebi.ac.uk/vol1/fastq/ERR657/ERR657427/ERR657427_2.fastq.gz"
"ERR657431","SAMEA2603209","ftp.sra.ebi.ac.uk/vol1/fastq/ERR657/ERR657431/ERR657431_1.fastq.gz;ftp.sra.ebi.ac.uk/vol1/fastq/ERR657/ERR657431/ERR657431_2.fastq.gz"
"ERR657433","SAMEA2603213","ftp.sra.ebi.ac.uk/vol1/fastq/ERR657/ERR657433/ERR657433_1.fastq.gz;ftp.sra.ebi.ac.uk/vol1/fastq/ERR657/ERR657433/ERR657433_2.fastq.gz"
"ERR657435","SAMEA2603218","ftp.sra.ebi.ac.uk/vol1/fastq/ERR657/ERR657435/ERR657435_1.fastq.gz;ftp.sra.ebi.ac.uk/vol1/fastq/ERR657/ERR657435/ERR657435_2.fastq.gz"
"ERR657436","SAMEA2603220","ftp.sra.ebi.ac.uk/vol1/fastq/ERR657/ERR657436/ERR657436_1.fastq.gz;ftp.sra.ebi.ac.uk/vol1/fastq/ERR657/ERR657436/ERR657436_2.fastq.gz"
"ERR657438","SAMEA2603224","ftp.sra.ebi.ac.uk/vol1/fastq/ERR657/ERR657438/ERR657438_1.fastq.gz;ftp.sra.ebi.ac.uk/vol1/fastq/ERR657/ERR657438/ERR657438_2.fastq.gz"
"ERR657443","SAMEA2603238","ftp.sra.ebi.ac.uk/vol1/fastq/ERR657/ERR657443/ERR657443_1.fastq.gz;ftp.sra.ebi.ac.uk/vol1/fastq/ERR657/ERR657443/ERR657443_2.fastq.gz"
"ERR657444","SAMEA2603240","ftp.sra.ebi.ac.uk/vol1/fastq/ERR657/ERR657444/ERR657444_1.fastq.gz;ftp.sra.ebi.ac.uk/vol1/fastq/ERR657/ERR657444/ERR657444_2.fastq.gz"
"ERR657445","SAMEA2603242","ftp.sra.ebi.ac.uk/vol1/fastq/ERR657/ERR657445/ERR657445_1.fastq.gz;ftp.sra.ebi.ac.uk/vol1/fastq/ERR657/ERR657445/ERR657445_2.fastq.gz"
"ERR657449","SAMEA2603251","ftp.sra.ebi.ac.uk/vol1/fastq/ERR657/ERR657449/ERR657449_1.fastq.gz;ftp.sra.ebi.ac.uk/vol1/fastq/ERR657/ERR657449/ERR657449_2.fastq.gz"
"ERR657451","SAMEA2603254","ftp.sra.ebi.ac.uk/vol1/fastq/ERR657/ERR657451/ERR657451_1.fastq.gz;ftp.sra.ebi.ac.uk/vol1/fastq/ERR657/ERR657451/ERR657451_2.fastq.gz"
"ERR731345","SAMEA2603079","ftp.sra.ebi.ac.uk/vol1/fastq/ERR731/ERR731345/ERR731345_1.fastq.gz;ftp.sra.ebi.ac.uk/vol1/fastq/ERR731/ERR731345/ERR731345_2.fastq.gz"
"ERR731355","SAMEA2603099","ftp.sra.ebi.ac.uk/vol1/fastq/ERR731/ERR731355/ERR731355_1.fastq.gz;ftp.sra.ebi.ac.uk/vol1/fastq/ERR731/ERR731355/ERR731355_2.fastq.gz"
"ERR731359","SAMEA2603107","ftp.sra.ebi.ac.uk/vol1/fastq/ERR731/ERR731359/ERR731359_1.fastq.gz;ftp.sra.ebi.ac.uk/vol1/fastq/ERR731/ERR731359/ERR731359_2.fastq.gz"
"ERR731378","SAMEA2603141","ftp.sra.ebi.ac.uk/vol1/fastq/ERR731/ERR731378/ERR731378_1.fastq.gz;ftp.sra.ebi.ac.uk/vol1/fastq/ERR731/ERR731378/ERR731378_2.fastq.gz"
"ERR731381","SAMEA2603147","ftp.sra.ebi.ac.uk/vol1/fastq/ERR731/ERR731381/ERR731381_1.fastq.gz;ftp.sra.ebi.ac.uk/vol1/fastq/ERR731/ERR731381/ERR731381_2.fastq.gz"
"ERR731388","SAMEA2603160","ftp.sra.ebi.ac.uk/vol1/fastq/ERR731/ERR731388/ERR731388_1.fastq.gz;ftp.sra.ebi.ac.uk/vol1/fastq/ERR731/ERR731388/ERR731388_2.fastq.gz"
"ERR731390","SAMEA2603164","ftp.sra.ebi.ac.uk/vol1/fastq/ERR731/ERR731390/ERR731390_1.fastq.gz;ftp.sra.ebi.ac.uk/vol1/fastq/ERR731/ERR731390/ERR731390_2.fastq.gz"
"ERR731392","SAMEA2603168","ftp.sra.ebi.ac.uk/vol1/fastq/ERR731/ERR731392/ERR731392_1.fastq.gz;ftp.sra.ebi.ac.uk/vol1/fastq/ERR731/ERR731392/ERR731392_2.fastq.gz"
"ERR731393","SAMEA2603169","ftp.sra.ebi.ac.uk/vol1/fastq/ERR731/ERR731393/ERR731393_1.fastq.gz;ftp.sra.ebi.ac.uk/vol1/fastq/ERR731/ERR731393/ERR731393_2.fastq.gz"
"ERR731396","SAMEA2603175","ftp.sra.ebi.ac.uk/vol1/fastq/ERR731/ERR731396/ERR731396_1.fastq.gz;ftp.sra.ebi.ac.uk/vol1/fastq/ERR731/ERR731396/ERR731396_2.fastq.gz"
"ERR731397","SAMEA2603177","ftp.sra.ebi.ac.uk/vol1/fastq/ERR731/ERR731397/ERR731397_1.fastq.gz;ftp.sra.ebi.ac.uk/vol1/fastq/ERR731/ERR731397/ERR731397_2.fastq.gz"
"ERR731406","SAMEA2603193","ftp.sra.ebi.ac.uk/vol1/fastq/ERR731/ERR731406/ERR731406_1.fastq.gz;ftp.sra.ebi.ac.uk/vol1/fastq/ERR731/ERR731406/ERR731406_2.fastq.gz"
"ERR731407","SAMEA2603196","ftp.sra.ebi.ac.uk/vol1/fastq/ERR731/ERR731407/ERR731407_1.fastq.gz;ftp.sra.ebi.ac.uk/vol1/fastq/ERR731/ERR731407/ERR731407_2.fastq.gz"
"ERR731411","SAMEA2603203","ftp.sra.ebi.ac.uk/vol1/fastq/ERR731/ERR731411/ERR731411_1.fastq.gz;ftp.sra.ebi.ac.uk/vol1/fastq/ERR731/ERR731411/ERR731411_2.fastq.gz"
"ERR731416","SAMEA2603212","ftp.sra.ebi.ac.uk/vol1/fastq/ERR731/ERR731416/ERR731416_1.fastq.gz;ftp.sra.ebi.ac.uk/vol1/fastq/ERR731/ERR731416/ERR731416_2.fastq.gz"
"ERR731419","SAMEA2603217","ftp.sra.ebi.ac.uk/vol1/fastq/ERR731/ERR731419/ERR731419_1.fastq.gz;ftp.sra.ebi.ac.uk/vol1/fastq/ERR731/ERR731419/ERR731419_2.fastq.gz"
"ERR731420","SAMEA2603219","ftp.sra.ebi.ac.uk/vol1/fastq/ERR731/ERR731420/ERR731420_1.fastq.gz;ftp.sra.ebi.ac.uk/vol1/fastq/ERR731/ERR731420/ERR731420_2.fastq.gz"
"ERR731425","SAMEA2603229","ftp.sra.ebi.ac.uk/vol1/fastq/ERR731/ERR731425/ERR731425_1.fastq.gz;ftp.sra.ebi.ac.uk/vol1/fastq/ERR731/ERR731425/ERR731425_2.fastq.gz"
"ERR731429","SAMEA2603234","ftp.sra.ebi.ac.uk/vol1/fastq/ERR731/ERR731429/ERR731429_1.fastq.gz;ftp.sra.ebi.ac.uk/vol1/fastq/ERR731/ERR731429/ERR731429_2.fastq.gz"
"ERR731436","SAMEA2603247","ftp.sra.ebi.ac.uk/vol1/fastq/ERR731/ERR731436/ERR731436_1.fastq.gz;ftp.sra.ebi.ac.uk/vol1/fastq/ERR731/ERR731436/ERR731436_2.fastq.gz"
"ERR573926","SAMEA2547743","ftp.sra.ebi.ac.uk/vol1/fastq/ERR573/ERR573926/ERR573926_1.fastq.gz;ftp.sra.ebi.ac.uk/vol1/fastq/ERR573/ERR573926/ERR573926_2.fastq.gz"
"ERR573927","SAMEA2547732","ftp.sra.ebi.ac.uk/vol1/fastq/ERR573/ERR573927/ERR573927_1.fastq.gz;ftp.sra.ebi.ac.uk/vol1/fastq/ERR573/ERR573927/ERR573927_2.fastq.gz"
"ERR573928","SAMEA2547733","ftp.sra.ebi.ac.uk/vol1/fastq/ERR573/ERR573928/ERR573928_1.fastq.gz;ftp.sra.ebi.ac.uk/vol1/fastq/ERR573/ERR573928/ERR573928_2.fastq.gz"
"ERR573932","SAMEA2547737","ftp.sra.ebi.ac.uk/vol1/fastq/ERR573/ERR573932/ERR573932_1.fastq.gz;ftp.sra.ebi.ac.uk/vol1/fastq/ERR573/ERR573932/ERR573932_2.fastq.gz"
"ERR573934","SAMEA2547739","ftp.sra.ebi.ac.uk/vol1/fastq/ERR573/ERR573934/ERR573934_1.fastq.gz;ftp.sra.ebi.ac.uk/vol1/fastq/ERR573/ERR573934/ERR573934_2.fastq.gz"
"ERR573944","SAMEA2547726","ftp.sra.ebi.ac.uk/vol1/fastq/ERR573/ERR573944/ERR573944_1.fastq.gz;ftp.sra.ebi.ac.uk/vol1/fastq/ERR573/ERR573944/ERR573944_2.fastq.gz"
"ERR573946","SAMEA2547728","ftp.sra.ebi.ac.uk/vol1/fastq/ERR573/ERR573946/ERR573946_1.fastq.gz;ftp.sra.ebi.ac.uk/vol1/fastq/ERR573/ERR573946/ERR573946_2.fastq.gz"
"ERR573947","SAMEA2547729","ftp.sra.ebi.ac.uk/vol1/fastq/ERR573/ERR573947/ERR573947_1.fastq.gz;ftp.sra.ebi.ac.uk/vol1/fastq/ERR573/ERR573947/ERR573947_2.fastq.gz"
"ERR573951","SAMEA2547745","ftp.sra.ebi.ac.uk/vol1/fastq/ERR573/ERR573951/ERR573951_1.fastq.gz;ftp.sra.ebi.ac.uk/vol1/fastq/ERR573/ERR573951/ERR573951_2.fastq.gz"
"ERR573953","SAMEA2547747","ftp.sra.ebi.ac.uk/vol1/fastq/ERR573/ERR573953/ERR573953_1.fastq.gz;ftp.sra.ebi.ac.uk/vol1/fastq/ERR573/ERR573953/ERR573953_2.fastq.gz"
"ERR573956","SAMEA2547750","ftp.sra.ebi.ac.uk/vol1/fastq/ERR573/ERR573956/ERR573956_1.fastq.gz;ftp.sra.ebi.ac.uk/vol1/fastq/ERR573/ERR573956/ERR573956_2.fastq.gz"
"ERR657383","SAMEA2603104","ftp.sra.ebi.ac.uk/vol1/fastq/ERR657/ERR657383/ERR657383_1.fastq.gz;ftp.sra.ebi.ac.uk/vol1/fastq/ERR657/ERR657383/ERR657383_2.fastq.gz"
"ERR657384","SAMEA2603106","ftp.sra.ebi.ac.uk/vol1/fastq/ERR657/ERR657384/ERR657384_1.fastq.gz;ftp.sra.ebi.ac.uk/vol1/fastq/ERR657/ERR657384/ERR657384_2.fastq.gz"
"ERR657387","SAMEA2603113","ftp.sra.ebi.ac.uk/vol1/fastq/ERR657/ERR657387/ERR657387_1.fastq.gz;ftp.sra.ebi.ac.uk/vol1/fastq/ERR657/ERR657387/ERR657387_2.fastq.gz"
"ERR657394","SAMEA2603128","ftp.sra.ebi.ac.uk/vol1/fastq/ERR657/ERR657394/ERR657394_1.fastq.gz;ftp.sra.ebi.ac.uk/vol1/fastq/ERR657/ERR657394/ERR657394_2.fastq.gz"
"ERR657398","SAMEA2603137","ftp.sra.ebi.ac.uk/vol1/fastq/ERR657/ERR657398/ERR657398_1.fastq.gz;ftp.sra.ebi.ac.uk/vol1/fastq/ERR657/ERR657398/ERR657398_2.fastq.gz"
"ERR657403","SAMEA2603148","ftp.sra.ebi.ac.uk/vol1/fastq/ERR657/ERR657403/ERR657403_1.fastq.gz;ftp.sra.ebi.ac.uk/vol1/fastq/ERR657/ERR657403/ERR657403_2.fastq.gz"
"ERR657406","SAMEA2603155","ftp.sra.ebi.ac.uk/vol1/fastq/ERR657/ERR657406/ERR657406_1.fastq.gz;ftp.sra.ebi.ac.uk/vol1/fastq/ERR657/ERR657406/ERR657406_2.fastq.gz"
"ERR657411","SAMEA2603165","ftp.sra.ebi.ac.uk/vol1/fastq/ERR657/ERR657411/ERR657411_1.fastq.gz;ftp.sra.ebi.ac.uk/vol1/fastq/ERR657/ERR657411/ERR657411_2.fastq.gz"
"ERR657412","SAMEA2603167","ftp.sra.ebi.ac.uk/vol1/fastq/ERR657/ERR657412/ERR657412_1.fastq.gz;ftp.sra.ebi.ac.uk/vol1/fastq/ERR657/ERR657412/ERR657412_2.fastq.gz"
"ERR657420","SAMEA2603185","ftp.sra.ebi.ac.uk/vol1/fastq/ERR657/ERR657420/ERR657420_1.fastq.gz;ftp.sra.ebi.ac.uk/vol1/fastq/ERR657/ERR657420/ERR657420_2.fastq.gz"
"ERR657423","SAMEA2603191","ftp.sra.ebi.ac.uk/vol1/fastq/ERR657/ERR657423/ERR657423_1.fastq.gz;ftp.sra.ebi.ac.uk/vol1/fastq/ERR657/ERR657423/ERR657423_2.fastq.gz"
"ERR657424","SAMEA2603194","ftp.sra.ebi.ac.uk/vol1/fastq/ERR657/ERR657424/ERR657424_1.fastq.gz;ftp.sra.ebi.ac.uk/vol1/fastq/ERR657/ERR657424/ERR657424_2.fastq.gz"
"ERR657434","SAMEA2603216","ftp.sra.ebi.ac.uk/vol1/fastq/ERR657/ERR657434/ERR657434_1.fastq.gz;ftp.sra.ebi.ac.uk/vol1/fastq/ERR657/ERR657434/ERR657434_2.fastq.gz"
"ERR657437","SAMEA2603222","ftp.sra.ebi.ac.uk/vol1/fastq/ERR657/ERR657437/ERR657437_1.fastq.gz;ftp.sra.ebi.ac.uk/vol1/fastq/ERR657/ERR657437/ERR657437_2.fastq.gz"
"ERR657439","SAMEA2603226","ftp.sra.ebi.ac.uk/vol1/fastq/ERR657/ERR657439/ERR657439_1.fastq.gz;ftp.sra.ebi.ac.uk/vol1/fastq/ERR657/ERR657439/ERR657439_2.fastq.gz"
"ERR657440","SAMEA2603228","ftp.sra.ebi.ac.uk/vol1/fastq/ERR657/ERR657440/ERR657440_1.fastq.gz;ftp.sra.ebi.ac.uk/vol1/fastq/ERR657/ERR657440/ERR657440_2.fastq.gz"
"ERR657447","SAMEA2603246","ftp.sra.ebi.ac.uk/vol1/fastq/ERR657/ERR657447/ERR657447_1.fastq.gz;ftp.sra.ebi.ac.uk/vol1/fastq/ERR657/ERR657447/ERR657447_2.fastq.gz"
"ERR731356","SAMEA2603101","ftp.sra.ebi.ac.uk/vol1/fastq/ERR731/ERR731356/ERR731356_1.fastq.gz;ftp.sra.ebi.ac.uk/vol1/fastq/ERR731/ERR731356/ERR731356_2.fastq.gz"
"ERR731362","SAMEA2603112","ftp.sra.ebi.ac.uk/vol1/fastq/ERR731/ERR731362/ERR731362_1.fastq.gz;ftp.sra.ebi.ac.uk/vol1/fastq/ERR731/ERR731362/ERR731362_2.fastq.gz"
"ERR731368","SAMEA2603123","ftp.sra.ebi.ac.uk/vol1/fastq/ERR731/ERR731368/ERR731368_1.fastq.gz;ftp.sra.ebi.ac.uk/vol1/fastq/ERR731/ERR731368/ERR731368_2.fastq.gz"
"ERR731375","SAMEA2603136","ftp.sra.ebi.ac.uk/vol1/fastq/ERR731/ERR731375/ERR731375_1.fastq.gz;ftp.sra.ebi.ac.uk/vol1/fastq/ERR731/ERR731375/ERR731375_2.fastq.gz"
"ERR731380","SAMEA2603145","ftp.sra.ebi.ac.uk/vol1/fastq/ERR731/ERR731380/ERR731380_1.fastq.gz;ftp.sra.ebi.ac.uk/vol1/fastq/ERR731/ERR731380/ERR731380_2.fastq.gz"
"ERR731382","SAMEA2603149","ftp.sra.ebi.ac.uk/vol1/fastq/ERR731/ERR731382/ERR731382_1.fastq.gz;ftp.sra.ebi.ac.uk/vol1/fastq/ERR731/ERR731382/ERR731382_2.fastq.gz"
"ERR731387","SAMEA2603158","ftp.sra.ebi.ac.uk/vol1/fastq/ERR731/ERR731387/ERR731387_1.fastq.gz;ftp.sra.ebi.ac.uk/vol1/fastq/ERR731/ERR731387/ERR731387_2.fastq.gz"
"ERR731395","SAMEA2603173","ftp.sra.ebi.ac.uk/vol1/fastq/ERR731/ERR731395/ERR731395_1.fastq.gz;ftp.sra.ebi.ac.uk/vol1/fastq/ERR731/ERR731395/ERR731395_2.fastq.gz"
"ERR731399","SAMEA2603181","ftp.sra.ebi.ac.uk/vol1/fastq/ERR731/ERR731399/ERR731399_1.fastq.gz;ftp.sra.ebi.ac.uk/vol1/fastq/ERR731/ERR731399/ERR731399_2.fastq.gz"
"ERR731415","SAMEA2603210","ftp.sra.ebi.ac.uk/vol1/fastq/ERR731/ERR731415/ERR731415_1.fastq.gz;ftp.sra.ebi.ac.uk/vol1/fastq/ERR731/ERR731415/ERR731415_2.fastq.gz"
"ERR731421","SAMEA2603221","ftp.sra.ebi.ac.uk/vol1/fastq/ERR731/ERR731421/ERR731421_1.fastq.gz;ftp.sra.ebi.ac.uk/vol1/fastq/ERR731/ERR731421/ERR731421_2.fastq.gz"
"ERR731428","SAMEA2603233","ftp.sra.ebi.ac.uk/vol1/fastq/ERR731/ERR731428/ERR731428_1.fastq.gz;ftp.sra.ebi.ac.uk/vol1/fastq/ERR731/ERR731428/ERR731428_2.fastq.gz"
"ERR731430","SAMEA2603235","ftp.sra.ebi.ac.uk/vol1/fastq/ERR731/ERR731430/ERR731430_1.fastq.gz;ftp.sra.ebi.ac.uk/vol1/fastq/ERR731/ERR731430/ERR731430_2.fastq.gz"
"ERR731431","SAMEA2603237","ftp.sra.ebi.ac.uk/vol1/fastq/ERR731/ERR731431/ERR731431_1.fastq.gz;ftp.sra.ebi.ac.uk/vol1/fastq/ERR731/ERR731431/ERR731431_2.fastq.gz"
"ERR731432","SAMEA2603239","ftp.sra.ebi.ac.uk/vol1/fastq/ERR731/ERR731432/ERR731432_1.fastq.gz;ftp.sra.ebi.ac.uk/vol1/fastq/ERR731/ERR731432/ERR731432_2.fastq.gz"
"ERR731435","SAMEA2603245","ftp.sra.ebi.ac.uk/vol1/fastq/ERR731/ERR731435/ERR731435_1.fastq.gz;ftp.sra.ebi.ac.uk/vol1/fastq/ERR731/ERR731435/ERR731435_2.fastq.gz"
"ERR731438","SAMEA2603250","ftp.sra.ebi.ac.uk/vol1/fastq/ERR731/ERR731438/ERR731438_1.fastq.gz;ftp.sra.ebi.ac.uk/vol1/fastq/ERR731/ERR731438/ERR731438_2.fastq.gz"
"ERR657371","SAMEA2603080","ftp.sra.ebi.ac.uk/vol1/fastq/ERR657/ERR657371/ERR657371_1.fastq.gz;ftp.sra.ebi.ac.uk/vol1/fastq/ERR657/ERR657371/ERR657371_2.fastq.gz"
"ERR657378","SAMEA2603093","ftp.sra.ebi.ac.uk/vol1/fastq/ERR657/ERR657378/ERR657378_1.fastq.gz;ftp.sra.ebi.ac.uk/vol1/fastq/ERR657/ERR657378/ERR657378_2.fastq.gz"
"ERR657379","SAMEA2603096","ftp.sra.ebi.ac.uk/vol1/fastq/ERR657/ERR657379/ERR657379_1.fastq.gz;ftp.sra.ebi.ac.uk/vol1/fastq/ERR657/ERR657379/ERR657379_2.fastq.gz"
"ERR657386","SAMEA2603111","ftp.sra.ebi.ac.uk/vol1/fastq/ERR657/ERR657386/ERR657386_1.fastq.gz;ftp.sra.ebi.ac.uk/vol1/fastq/ERR657/ERR657386/ERR657386_2.fastq.gz"
"ERR657392","SAMEA2603124","ftp.sra.ebi.ac.uk/vol1/fastq/ERR657/ERR657392/ERR657392_1.fastq.gz;ftp.sra.ebi.ac.uk/vol1/fastq/ERR657/ERR657392/ERR657392_2.fastq.gz"
"ERR657400","SAMEA2603142","ftp.sra.ebi.ac.uk/vol1/fastq/ERR657/ERR657400/ERR657400_1.fastq.gz;ftp.sra.ebi.ac.uk/vol1/fastq/ERR657/ERR657400/ERR657400_2.fastq.gz"
"ERR657402","SAMEA2603146","ftp.sra.ebi.ac.uk/vol1/fastq/ERR657/ERR657402/ERR657402_1.fastq.gz;ftp.sra.ebi.ac.uk/vol1/fastq/ERR657/ERR657402/ERR657402_2.fastq.gz"
"ERR657408","SAMEA2603159","ftp.sra.ebi.ac.uk/vol1/fastq/ERR657/ERR657408/ERR657408_1.fastq.gz;ftp.sra.ebi.ac.uk/vol1/fastq/ERR657/ERR657408/ERR657408_2.fastq.gz"
"ERR657418","SAMEA2603180","ftp.sra.ebi.ac.uk/vol1/fastq/ERR657/ERR657418/ERR657418_1.fastq.gz;ftp.sra.ebi.ac.uk/vol1/fastq/ERR657/ERR657418/ERR657418_2.fastq.gz"
"ERR657421","SAMEA2603187","ftp.sra.ebi.ac.uk/vol1/fastq/ERR657/ERR657421/ERR657421_1.fastq.gz;ftp.sra.ebi.ac.uk/vol1/fastq/ERR657/ERR657421/ERR657421_2.fastq.gz"
"ERR657422","SAMEA2603189","ftp.sra.ebi.ac.uk/vol1/fastq/ERR657/ERR657422/ERR657422_1.fastq.gz;ftp.sra.ebi.ac.uk/vol1/fastq/ERR657/ERR657422/ERR657422_2.fastq.gz"
"ERR657429","SAMEA2603205","ftp.sra.ebi.ac.uk/vol1/fastq/ERR657/ERR657429/ERR657429_1.fastq.gz;ftp.sra.ebi.ac.uk/vol1/fastq/ERR657/ERR657429/ERR657429_2.fastq.gz"
"ERR657448","SAMEA2603249","ftp.sra.ebi.ac.uk/vol1/fastq/ERR657/ERR657448/ERR657448_1.fastq.gz;ftp.sra.ebi.ac.uk/vol1/fastq/ERR657/ERR657448/ERR657448_2.fastq.gz"
"ERR573931","SAMEA2547736","ftp.sra.ebi.ac.uk/vol1/fastq/ERR573/ERR573931/ERR573931_1.fastq.gz;ftp.sra.ebi.ac.uk/vol1/fastq/ERR573/ERR573931/ERR573931_2.fastq.gz"
"ERR573935","SAMEA2547740","ftp.sra.ebi.ac.uk/vol1/fastq/ERR573/ERR573935/ERR573935_1.fastq.gz;ftp.sra.ebi.ac.uk/vol1/fastq/ERR573/ERR573935/ERR573935_2.fastq.gz"
"ERR573936","SAMEA2547741","ftp.sra.ebi.ac.uk/vol1/fastq/ERR573/ERR573936/ERR573936_1.fastq.gz;ftp.sra.ebi.ac.uk/vol1/fastq/ERR573/ERR573936/ERR573936_2.fastq.gz"
"ERR573945","SAMEA2547727","ftp.sra.ebi.ac.uk/vol1/fastq/ERR573/ERR573945/ERR573945_1.fastq.gz;ftp.sra.ebi.ac.uk/vol1/fastq/ERR573/ERR573945/ERR573945_2.fastq.gz"
"ERR573954","SAMEA2547748","ftp.sra.ebi.ac.uk/vol1/fastq/ERR573/ERR573954/ERR573954_1.fastq.gz;ftp.sra.ebi.ac.uk/vol1/fastq/ERR573/ERR573954/ERR573954_2.fastq.gz"
"ERR573957","SAMEA2547751","ftp.sra.ebi.ac.uk/vol1/fastq/ERR573/ERR573957/ERR573957_1.fastq.gz;ftp.sra.ebi.ac.uk/vol1/fastq/ERR573/ERR573957/ERR573957_2.fastq.gz"
"ERR573964","SAMEA2547758","ftp.sra.ebi.ac.uk/vol1/fastq/ERR573/ERR573964/ERR573964_1.fastq.gz;ftp.sra.ebi.ac.uk/vol1/fastq/ERR573/ERR573964/ERR573964_2.fastq.gz"
"ERR573965","SAMEA2547759","ftp.sra.ebi.ac.uk/vol1/fastq/ERR573/ERR573965/ERR573965_1.fastq.gz;ftp.sra.ebi.ac.uk/vol1/fastq/ERR573/ERR573965/ERR573965_2.fastq.gz"
"ERR573970","SAMEA2547764","ftp.sra.ebi.ac.uk/vol1/fastq/ERR573/ERR573970/ERR573970_1.fastq.gz;ftp.sra.ebi.ac.uk/vol1/fastq/ERR573/ERR573970/ERR573970_2.fastq.gz"
"ERR573973","SAMEA2547767","ftp.sra.ebi.ac.uk/vol1/fastq/ERR573/ERR573973/ERR573973_1.fastq.gz;ftp.sra.ebi.ac.uk/vol1/fastq/ERR573/ERR573973/ERR573973_2.fastq.gz"
"ERR731346","SAMEA2603082","ftp.sra.ebi.ac.uk/vol1/fastq/ERR731/ERR731346/ERR731346_1.fastq.gz;ftp.sra.ebi.ac.uk/vol1/fastq/ERR731/ERR731346/ERR731346_2.fastq.gz"
"ERR731347","SAMEA2603083","ftp.sra.ebi.ac.uk/vol1/fastq/ERR731/ERR731347/ERR731347_1.fastq.gz;ftp.sra.ebi.ac.uk/vol1/fastq/ERR731/ERR731347/ERR731347_2.fastq.gz"
"ERR731348","SAMEA2603086","ftp.sra.ebi.ac.uk/vol1/fastq/ERR731/ERR731348/ERR731348_1.fastq.gz;ftp.sra.ebi.ac.uk/vol1/fastq/ERR731/ERR731348/ERR731348_2.fastq.gz"
"ERR731349","SAMEA2603088","ftp.sra.ebi.ac.uk/vol1/fastq/ERR731/ERR731349/ERR731349_1.fastq.gz;ftp.sra.ebi.ac.uk/vol1/fastq/ERR731/ERR731349/ERR731349_2.fastq.gz"
"ERR731357","SAMEA2603103","ftp.sra.ebi.ac.uk/vol1/fastq/ERR731/ERR731357/ERR731357_1.fastq.gz;ftp.sra.ebi.ac.uk/vol1/fastq/ERR731/ERR731357/ERR731357_2.fastq.gz"
"ERR731363","SAMEA2603114","ftp.sra.ebi.ac.uk/vol1/fastq/ERR731/ERR731363/ERR731363_1.fastq.gz;ftp.sra.ebi.ac.uk/vol1/fastq/ERR731/ERR731363/ERR731363_2.fastq.gz"
"ERR731364","SAMEA2603116","ftp.sra.ebi.ac.uk/vol1/fastq/ERR731/ERR731364/ERR731364_1.fastq.gz;ftp.sra.ebi.ac.uk/vol1/fastq/ERR731/ERR731364/ERR731364_2.fastq.gz"
"ERR731372","SAMEA2603131","ftp.sra.ebi.ac.uk/vol1/fastq/ERR731/ERR731372/ERR731372_1.fastq.gz;ftp.sra.ebi.ac.uk/vol1/fastq/ERR731/ERR731372/ERR731372_2.fastq.gz"
"ERR731376","SAMEA2603138","ftp.sra.ebi.ac.uk/vol1/fastq/ERR731/ERR731376/ERR731376_1.fastq.gz;ftp.sra.ebi.ac.uk/vol1/fastq/ERR731/ERR731376/ERR731376_2.fastq.gz"
"ERR731384","SAMEA2603153","ftp.sra.ebi.ac.uk/vol1/fastq/ERR731/ERR731384/ERR731384_1.fastq.gz;ftp.sra.ebi.ac.uk/vol1/fastq/ERR731/ERR731384/ERR731384_2.fastq.gz"
"ERR731410","SAMEA2603201","ftp.sra.ebi.ac.uk/vol1/fastq/ERR731/ERR731410/ERR731410_1.fastq.gz;ftp.sra.ebi.ac.uk/vol1/fastq/ERR731/ERR731410/ERR731410_2.fastq.gz"
"ERR731412","SAMEA2603204","ftp.sra.ebi.ac.uk/vol1/fastq/ERR731/ERR731412/ERR731412_1.fastq.gz;ftp.sra.ebi.ac.uk/vol1/fastq/ERR731/ERR731412/ERR731412_2.fastq.gz"
"ERR731417","SAMEA2603214","ftp.sra.ebi.ac.uk/vol1/fastq/ERR731/ERR731417/ERR731417_1.fastq.gz;ftp.sra.ebi.ac.uk/vol1/fastq/ERR731/ERR731417/ERR731417_2.fastq.gz"
"ERR731418","SAMEA2603215","ftp.sra.ebi.ac.uk/vol1/fastq/ERR731/ERR731418/ERR731418_1.fastq.gz;ftp.sra.ebi.ac.uk/vol1/fastq/ERR731/ERR731418/ERR731418_2.fastq.gz"
"ERR731424","SAMEA2603227","ftp.sra.ebi.ac.uk/vol1/fastq/ERR731/ERR731424/ERR731424_1.fastq.gz;ftp.sra.ebi.ac.uk/vol1/fastq/ERR731/ERR731424/ERR731424_2.fastq.gz"
"ERR731433","SAMEA2603241","ftp.sra.ebi.ac.uk/vol1/fastq/ERR731/ERR731433/ERR731433_1.fastq.gz;ftp.sra.ebi.ac.uk/vol1/fastq/ERR731/ERR731433/ERR731433_2.fastq.gz"
"ERR573930","SAMEA2547735","ftp.sra.ebi.ac.uk/vol1/fastq/ERR573/ERR573930/ERR573930_1.fastq.gz;ftp.sra.ebi.ac.uk/vol1/fastq/ERR573/ERR573930/ERR573930_2.fastq.gz"
"ERR573940","SAMEA2547722","ftp.sra.ebi.ac.uk/vol1/fastq/ERR573/ERR573940/ERR573940_1.fastq.gz;ftp.sra.ebi.ac.uk/vol1/fastq/ERR573/ERR573940/ERR573940_2.fastq.gz"
"ERR573943","SAMEA2547725","ftp.sra.ebi.ac.uk/vol1/fastq/ERR573/ERR573943/ERR573943_1.fastq.gz;ftp.sra.ebi.ac.uk/vol1/fastq/ERR573/ERR573943/ERR573943_2.fastq.gz"
"ERR573948","SAMEA2547730","ftp.sra.ebi.ac.uk/vol1/fastq/ERR573/ERR573948/ERR573948_1.fastq.gz;ftp.sra.ebi.ac.uk/vol1/fastq/ERR573/ERR573948/ERR573948_2.fastq.gz"
"ERR573962","SAMEA2547756","ftp.sra.ebi.ac.uk/vol1/fastq/ERR573/ERR573962/ERR573962_1.fastq.gz;ftp.sra.ebi.ac.uk/vol1/fastq/ERR573/ERR573962/ERR573962_2.fastq.gz"
"ERR573966","SAMEA2547760","ftp.sra.ebi.ac.uk/vol1/fastq/ERR573/ERR573966/ERR573966_1.fastq.gz;ftp.sra.ebi.ac.uk/vol1/fastq/ERR573/ERR573966/ERR573966_2.fastq.gz"
"ERR573968","SAMEA2547762","ftp.sra.ebi.ac.uk/vol1/fastq/ERR573/ERR573968/ERR573968_1.fastq.gz;ftp.sra.ebi.ac.uk/vol1/fastq/ERR573/ERR573968/ERR573968_2.fastq.gz"
"ERR573972","SAMEA2547766","ftp.sra.ebi.ac.uk/vol1/fastq/ERR573/ERR573972/ERR573972_1.fastq.gz;ftp.sra.ebi.ac.uk/vol1/fastq/ERR573/ERR573972/ERR573972_2.fastq.gz"
"ERR657370","SAMEA2603078","ftp.sra.ebi.ac.uk/vol1/fastq/ERR657/ERR657370/ERR657370_1.fastq.gz;ftp.sra.ebi.ac.uk/vol1/fastq/ERR657/ERR657370/ERR657370_2.fastq.gz"
"ERR657372","SAMEA2603081","ftp.sra.ebi.ac.uk/vol1/fastq/ERR657/ERR657372/ERR657372_1.fastq.gz;ftp.sra.ebi.ac.uk/vol1/fastq/ERR657/ERR657372/ERR657372_2.fastq.gz"
"ERR657373","SAMEA2603084","ftp.sra.ebi.ac.uk/vol1/fastq/ERR657/ERR657373/ERR657373_1.fastq.gz;ftp.sra.ebi.ac.uk/vol1/fastq/ERR657/ERR657373/ERR657373_2.fastq.gz"
"ERR657376","SAMEA2603089","ftp.sra.ebi.ac.uk/vol1/fastq/ERR657/ERR657376/ERR657376_1.fastq.gz;ftp.sra.ebi.ac.uk/vol1/fastq/ERR657/ERR657376/ERR657376_2.fastq.gz"
"ERR657377","SAMEA2603091","ftp.sra.ebi.ac.uk/vol1/fastq/ERR657/ERR657377/ERR657377_1.fastq.gz;ftp.sra.ebi.ac.uk/vol1/fastq/ERR657/ERR657377/ERR657377_2.fastq.gz"
"ERR657385","SAMEA2603109","ftp.sra.ebi.ac.uk/vol1/fastq/ERR657/ERR657385/ERR657385_1.fastq.gz;ftp.sra.ebi.ac.uk/vol1/fastq/ERR657/ERR657385/ERR657385_2.fastq.gz"
"ERR657389","SAMEA2603117","ftp.sra.ebi.ac.uk/vol1/fastq/ERR657/ERR657389/ERR657389_1.fastq.gz;ftp.sra.ebi.ac.uk/vol1/fastq/ERR657/ERR657389/ERR657389_2.fastq.gz"
"ERR657395","SAMEA2603130","ftp.sra.ebi.ac.uk/vol1/fastq/ERR657/ERR657395/ERR657395_1.fastq.gz;ftp.sra.ebi.ac.uk/vol1/fastq/ERR657/ERR657395/ERR657395_2.fastq.gz"
"ERR657414","SAMEA2603172","ftp.sra.ebi.ac.uk/vol1/fastq/ERR657/ERR657414/ERR657414_1.fastq.gz;ftp.sra.ebi.ac.uk/vol1/fastq/ERR657/ERR657414/ERR657414_2.fastq.gz"
"ERR657417","SAMEA2603178","ftp.sra.ebi.ac.uk/vol1/fastq/ERR657/ERR657417/ERR657417_1.fastq.gz;ftp.sra.ebi.ac.uk/vol1/fastq/ERR657/ERR657417/ERR657417_2.fastq.gz"
"ERR657419","SAMEA2603182","ftp.sra.ebi.ac.uk/vol1/fastq/ERR657/ERR657419/ERR657419_1.fastq.gz;ftp.sra.ebi.ac.uk/vol1/fastq/ERR657/ERR657419/ERR657419_2.fastq.gz"
"ERR657425","SAMEA2603195","ftp.sra.ebi.ac.uk/vol1/fastq/ERR657/ERR657425/ERR657425_1.fastq.gz;ftp.sra.ebi.ac.uk/vol1/fastq/ERR657/ERR657425/ERR657425_2.fastq.gz"
"ERR657430","SAMEA2603207","ftp.sra.ebi.ac.uk/vol1/fastq/ERR657/ERR657430/ERR657430_1.fastq.gz;ftp.sra.ebi.ac.uk/vol1/fastq/ERR657/ERR657430/ERR657430_2.fastq.gz"
"ERR657432","SAMEA2603211","ftp.sra.ebi.ac.uk/vol1/fastq/ERR657/ERR657432/ERR657432_1.fastq.gz;ftp.sra.ebi.ac.uk/vol1/fastq/ERR657/ERR657432/ERR657432_2.fastq.gz"
"ERR657441","SAMEA2603232","ftp.sra.ebi.ac.uk/vol1/fastq/ERR657/ERR657441/ERR657441_1.fastq.gz;ftp.sra.ebi.ac.uk/vol1/fastq/ERR657/ERR657441/ERR657441_2.fastq.gz"
"ERR657452","SAMEA2603255","ftp.sra.ebi.ac.uk/vol1/fastq/ERR657/ERR657452/ERR657452_1.fastq.gz;ftp.sra.ebi.ac.uk/vol1/fastq/ERR657/ERR657452/ERR657452_2.fastq.gz"
"ERR657453","SAMEA2603256","ftp.sra.ebi.ac.uk/vol1/fastq/ERR657/ERR657453/ERR657453_1.fastq.gz;ftp.sra.ebi.ac.uk/vol1/fastq/ERR657/ERR657453/ERR657453_2.fastq.gz"
