genome	serovar	spp_percent	genotype	confidence	lowest support for genotype marker	poorly supported markers	max support for additional markers	additional markers	node support	ampicillin	azithromycin	carbapenem	ceftriaxone	ciprofloxacin	chloramphenicol	trimethoprim-sulfamethoxazole	sulfonamides	trimethoprim	tetracycline	IncHI1A	IncHI1BR27	IncFIAHI1	IncHI1_ST6	IncFIB_K	IncFIB_pHCM2	IncHI2A	IncI1	IncL_M	IncN	IncX1	IncX3	IncY	z66	num QRDR	parC_S80I	parC_S80R	parC_E84G	parC_E84K	gyrA_S83F	gyrA_S83Y	gyrA_D87G	gyrA_D87N	gyrA_D87V	gyrA_D87Y	gyrB_S464F	gyrB_S464Y	acrB_R717L	acrB_R717Q	mphA	ermB	ereA	blaTEM-1D	blaCTX-M-15	blaOXA-7	blaSHV-12	blaKPC-2	blaNDM-5	blaVIM-1	blaIMP-27	blaOXA-48	qnrS1	qnrB1	qnrD1	catA1	cmlA1	sul1	sul2	dfrA1	dfrA5	dfrA7	dfrA14	dfrA15	dfrA17	dfrA18	tetA	tetB	tetC	tetD
ERR573926	typhi	91.697	0.0.3	strong	-	-	-	-	0.0.3 (1; 59/0)	S	S	S	S	S	S	S	S	S	S	0	0	0	0	0	0	0	0	0	0	0	0	0	0	0	0	0	0	0	0	0	0	0	0	0	0	0	0	0	0	0	0	0	0	0	0	0	0	0	0	0	0	0	0	0	0	0	0	0	0	0	0	0	0	0	0	0	0	0
ERR573932	typhi	91.697	3.1.1	strong	-	-	-	-	1 (1; 0/41); 2 (1; 0/49); 3 (1; 0/42); 3.1 (1; 56/0); 3.1.1 (1; 35/0)	R: blaTEM-1D	S	S	S	S	R: catA1	R: dfrA15;sul1	R: sul1	R: dfrA15	R: tetB	1	1	1	0	0	0	0	0	0	0	0	0	0	0	0	0	0	0	0	0	0	0	0	0	0	0	0	0	0	0	0	0	1	0	0	0	0	0	0	0	0	0	0	0	1	0	1	0	0	0	0	0	1	0	0	0	1	0	0
ERR573934	typhi	91.697	0.0.3	strong	-	-	-	-	0.0.3 (1; 51/0)	S	S	S	S	S	S	S	S	S	S	0	0	0	0	0	0	0	0	0	0	0	0	0	0	0	0	0	0	0	0	0	0	0	0	0	0	0	0	0	0	0	0	0	0	0	0	0	0	0	0	0	0	0	0	0	0	0	0	0	0	0	0	0	0	0	0	0	0	0
ERR573938	typhi	91.697	3.1.1	strong	-	-	-	-	1 (1; 0/37); 2 (1; 0/33); 3 (1; 0/44); 3.1 (1; 55/0); 3.1.1 (1; 43/0)	R: blaTEM-1D	S	S	S	S	R: catA1	R: dfrA15;sul1	R: sul1	R: dfrA15	R: tetB	1	1	1	0	0	0	0	0	0	0	0	0	0	0	0	0	0	0	0	0	0	0	0	0	0	0	0	0	0	0	0	0	1	0	0	0	0	0	0	0	0	0	0	0	1	0	1	0	0	0	0	0	1	0	0	0	1	0	0
ERR573941	typhi	91.697	2.3.1	strong	-	-	-	-	1 (1; 0/38); 2 (1; 0/31); 2.2 (1; 28/0); 2.3 (1; 36/0); 2.3.2 (1; 25/0); 2.3.1 (1; 20/0)	S	S	S	S	S	S	R: dfrA1;sul1;sul2	R: sul1;sul2	R: dfrA1	R: tetB	1	1	1	0	0	0	0	0	0	0	0	0	0	0	0	0	0	0	0	0	0	0	0	0	0	0	0	0	0	0	0	0	0	0	0	0	0	0	0	0	0	0	0	0	0	0	1	1	1	0	0	0	0	0	0	0	1	0	0
ERR573942	typhi	91.697	2.3.1	strong	-	-	-	-	1 (1; 0/51); 2 (1; 0/50); 2.2 (1; 46/0); 2.3 (1; 47/0); 2.3.2 (1; 44/0); 2.3.1 (1; 53/0)	S	S	S	S	S	S	R: dfrA1;sul1;sul2	R: sul1;sul2	R: dfrA1	R: tetB	1	1	1	0	0	0	0	0	0	0	0	0	0	0	0	0	0	0	0	0	0	0	0	0	0	0	0	0	0	0	0	0	0	0	0	0	0	0	0	0	0	0	0	0	0	0	1	1	1	0	0	0	0	0	0	0	1	0	0
ERR573943	typhi	91.697	3.1.1	strong	-	-	-	-	1 (1; 0/48); 2 (1; 0/43); 3 (1; 0/44); 3.1 (1; 51/0); 3.1.1 (1; 34/0)	R: blaTEM-1D	S	S	S	I: gyrA_S83Y	R: catA1	R: dfrA15;sul1	R: sul1	R: dfrA15	R: tetB	1	1	1	0	0	0	0	0	0	0	0	0	0	0	1	0	0	0	0	0	1	0	0	0	0	0	0	0	0	0	0	0	1	0	0	0	0	0	0	0	0	0	0	0	1	0	1	0	0	0	0	0	1	0	0	0	1	0	0
ERR573944	typhi	91.722	3.1.1	strong	-	-	-	-	1 (1; 0/35); 2 (1; 0/40); 3 (1; 0/40); 3.1 (1; 42/0); 3.1.1 (1; 39/1)	R: blaTEM-1D	S	S	S	S	R: catA1	R: dfrA15;sul1	R: sul1	R: dfrA15	R: tetB	1	1	1	0	0	0	0	0	0	0	0	0	0	0	0	0	0	0	0	0	0	0	0	0	0	0	0	0	0	0	0	0	1	0	0	0	0	0	0	0	0	0	0	0	1	0	1	0	0	0	0	0	1	0	0	0	1	0	0
ERR573945	typhi	91.496	4.1	strong	-	-	-	-	1 (1; 0/29); 2 (1; 0/33); 3 (1; 0/36); 4 (1; 25/0); 4.1 (1; 29/0)	S	S	S	S	S	S	S	S	S	S	0	0	0	0	0	0	0	0	0	0	0	0	0	0	0	0	0	0	0	0	0	0	0	0	0	0	0	0	0	0	0	0	0	0	0	0	0	0	0	0	0	0	0	0	0	0	0	0	0	0	0	0	0	0	0	0	0	0	0
ERR573947	typhi	91.699	3.1.1	strong	-	-	-	-	1 (1; 0/37); 2 (1; 0/36); 3 (1; 0/24); 3.1 (1; 38/0); 3.1.1 (1; 30/0)	R: blaTEM-1D	S	S	S	S	R: catA1	R: dfrA15;sul1	R: sul1	R: dfrA15	R: tetB	1	1	1	0	0	0	0	0	0	0	0	0	0	0	0	0	0	0	0	0	0	0	0	0	0	0	0	0	0	0	0	0	1	0	0	0	0	0	0	0	0	0	0	0	1	0	1	0	0	0	0	0	1	0	0	0	1	0	0
ERR573948	typhi	91.697	3.1.1	strong	-	-	-	-	1 (1; 0/35); 2 (1; 0/34); 3 (1; 0/33); 3.1 (1; 31/0); 3.1.1 (1; 31/0)	R: blaTEM-1D	S	S	S	S	R: catA1	R: dfrA15;sul1	R: sul1	R: dfrA15	R: tetB	1	1	1	0	0	0	0	0	0	0	0	0	0	0	0	0	0	0	0	0	0	0	0	0	0	0	0	0	0	0	0	0	1	0	0	0	0	0	0	0	0	0	0	0	1	0	1	0	0	0	0	0	1	0	0	0	1	0	0
ERR573949	typhi	91.697	3.1.1	strong	-	-	-	-	1 (1; 0/27); 2 (1; 0/34); 3 (1; 0/33); 3.1 (1; 35/0); 3.1.1 (1; 25/0)	R: blaTEM-1D	S	S	S	S	R: catA1	R: dfrA15;sul1	R: sul1	R: dfrA15	R: tetB	1	1	1	0	0	0	0	0	0	0	0	0	0	0	0	0	0	0	0	0	0	0	0	0	0	0	0	0	0	0	0	0	1	0	0	0	0	0	0	0	0	0	0	0	1	0	1	0	0	0	0	0	1	0	0	0	1	0	0
ERR573950	typhi	91.697	3.1.1	strong	-	-	-	-	1 (1; 0/60); 2 (1; 0/58); 3 (1; 0/36); 3.1 (1; 75/0); 3.1.1 (1; 51/0)	R: blaTEM-1D	S	S	S	S	R: catA1	R: dfrA15;sul1	R: sul1	R: dfrA15	R: tetB	1	1	1	0	0	0	0	0	0	0	0	0	0	0	0	0	0	0	0	0	0	0	0	0	0	0	0	0	0	0	0	0	1	0	0	0	0	0	0	0	0	0	0	0	1	0	1	0	0	0	0	0	1	0	0	0	1	0	0
ERR573952	typhi	91.697	3.1.1	strong	-	-	-	-	1 (1; 0/59); 2 (1; 0/50); 3 (1; 0/50); 3.1 (1; 56/0); 3.1.1 (1; 47/0)	R: blaTEM-1D	S	S	S	S	R: catA1	R: dfrA15;sul1	R: sul1	R: dfrA15	R: tetB	1	1	1	0	0	0	0	0	0	0	0	0	0	0	0	0	0	0	0	0	0	0	0	0	0	0	0	0	0	0	0	0	1	0	0	0	0	0	0	0	0	0	0	0	1	0	1	0	0	0	0	0	1	0	0	0	1	0	0
ERR573954	typhi	91.697	3.1.1	strong	-	-	-	-	1 (1; 0/63); 2 (1; 0/34); 3 (1; 0/50); 3.1 (1; 48/0); 3.1.1 (1; 45/0)	R: blaTEM-1D	S	S	S	S	R: catA1	R: dfrA15;sul1	R: sul1	R: dfrA15	R: tetB	1	1	1	0	0	0	0	0	0	0	0	0	0	0	0	0	0	0	0	0	0	0	0	0	0	0	0	0	0	0	0	0	1	0	0	0	0	0	0	0	0	0	0	0	1	0	1	0	0	0	0	0	1	0	0	0	1	0	0
ERR573955	typhi	91.697	3.1.1	strong	-	-	-	-	1 (1; 0/40); 2 (1; 0/30); 3 (1; 0/26); 3.1 (1; 44/0); 3.1.1 (1; 29/0)	R: blaTEM-1D	S	S	S	S	R: catA1	R: dfrA15;sul1	R: sul1	R: dfrA15	R: tetB	1	1	1	0	0	0	0	0	0	0	0	0	0	0	0	0	0	0	0	0	0	0	0	0	0	0	0	0	0	0	0	0	1	0	0	0	0	0	0	0	0	0	0	0	1	0	1	0	0	0	0	0	1	0	0	0	1	0	0
ERR573956	typhi	91.722	3.1.1	strong	-	-	-	-	1 (1; 0/71); 2 (1; 1/49); 3 (1; 0/50); 3.1 (1; 85/0); 3.1.1 (1; 64/0)	R: blaTEM-1D	S	S	S	S	R: catA1	R: dfrA15;sul1	R: sul1	R: dfrA15	R: tetB	1	1	1	0	0	0	0	0	0	0	0	0	0	0	0	0	0	0	0	0	0	0	0	0	0	0	0	0	0	0	0	0	1	0	0	0	0	0	0	0	0	0	0	0	1	0	1	0	0	0	0	0	1	0	0	0	1	0	0
ERR573957	typhi	91.697	3.1.1	strong	-	-	-	-	1 (1; 0/40); 2 (1; 0/51); 3 (1; 0/45); 3.1 (1; 33/0); 3.1.1 (1; 27/0)	R: blaTEM-1D	S	S	S	S	R: catA1	R: dfrA15;sul1	R: sul1	R: dfrA15	R: tetB	1	1	1	0	0	0	0	0	0	0	0	0	0	0	0	0	0	0	0	0	0	0	0	0	0	0	0	0	0	0	0	0	1	0	0	0	0	0	0	0	0	0	0	0	1	0	1	0	0	0	0	0	1	0	0	0	1	0	0
ERR573959	typhi	91.697	3.1.1	strong	-	-	-	-	1 (1; 0/39); 2 (1; 0/33); 3 (1; 0/34); 3.1 (1; 46/0); 3.1.1 (1; 34/0)	R: blaTEM-1D	S	S	S	S	R: catA1	R: dfrA15;sul1	R: sul1	R: dfrA15	R: tetB	1	1	1	0	0	0	0	0	0	0	0	0	0	0	0	0	0	0	0	0	0	0	0	0	0	0	0	0	0	0	0	0	1	0	0	0	0	0	0	0	0	0	0	0	1	0	1	0	0	0	0	0	1	0	0	0	1	0	0
ERR573960	typhi	91.697	3.1.1	strong	-	-	-	-	1 (1; 0/40); 2 (1; 0/47); 3 (1; 0/33); 3.1 (1; 52/0); 3.1.1 (1; 43/0)	R: blaTEM-1D	S	S	S	S	R: catA1	R: dfrA15;sul1	R: sul1	R: dfrA15	R: tetB	1	1	1	0	0	0	0	0	0	0	0	0	0	0	0	0	0	0	0	0	0	0	0	0	0	0	0	0	0	0	0	0	1	0	0	0	0	0	0	0	0	0	0	0	1	0	1	0	0	0	0	0	1	0	0	0	1	0	0
ERR573961	typhi	91.697	0.0.3	strong	-	-	-	-	0.0.3 (1; 56/0)	S	S	S	S	S	S	S	S	S	S	0	0	0	0	0	0	0	0	0	0	0	0	0	0	0	0	0	0	0	0	0	0	0	0	0	0	0	0	0	0	0	0	0	0	0	0	0	0	0	0	0	0	0	0	0	0	0	0	0	0	0	0	0	0	0	0	0	0	0
ERR573962	typhi	91.478	4.1.1	strong	-	-	-	-	1 (1; 0/58); 2 (1; 0/58); 3 (1; 0/53); 4 (1; 62/0); 4.1 (1; 49/0); 4.1.1 (1; 48/0)	S	S	S	S	S	S	S	S	S	S	0	0	0	0	0	0	0	0	0	0	0	0	0	0	0	0	0	0	0	0	0	0	0	0	0	0	0	0	0	0	0	0	0	0	0	0	0	0	0	0	0	0	0	0	0	0	0	0	0	0	0	0	0	0	0	0	0	0	0
ERR573964	typhi	91.723	0.0.3	strong	-	-	-	-	0.0.3 (1; 54/1)	S	S	S	S	S	S	S	S	S	S	0	0	0	0	0	0	0	0	0	0	0	0	0	0	0	0	0	0	0	0	0	0	0	0	0	0	0	0	0	0	0	0	0	0	0	0	0	0	0	0	0	0	0	0	0	0	0	0	0	0	0	0	0	0	0	0	0	0	0
ERR573966	typhi	91.697	3.1.1	strong	-	-	-	-	1 (1; 0/66); 2 (1; 0/62); 3 (1; 0/57); 3.1 (1; 66/0); 3.1.1 (1; 68/0)	R: blaTEM-1D	S	S	S	S	R: catA1	R: dfrA15;sul1	R: sul1	R: dfrA15	R: tetB	1	1	1	0	0	0	0	0	0	0	0	0	0	0	0	0	0	0	0	0	0	0	0	0	0	0	0	0	0	0	0	0	1	0	0	0	0	0	0	0	0	0	0	0	1	0	1	0	0	0	0	0	1	0	0	0	1	0	0
ERR573968	typhi	91.478	4.1	strong	-	-	-	-	1 (1; 0/70); 2 (1; 0/56); 3 (1; 0/64); 4 (1; 57/0); 4.1 (1; 58/1)	S	S	S	S	S	S	S	S	S	S	0	0	0	0	0	0	0	0	0	0	0	0	0	0	0	0	0	0	0	0	0	0	0	0	0	0	0	0	0	0	0	0	0	0	0	0	0	0	0	0	0	0	0	0	0	0	0	0	0	0	0	0	0	0	0	0	0	0	0
ERR573969	typhi	91.708	3.1.1	strong	-	-	-	-	1 (1; 0/63); 2 (1; 0/60); 3 (1; 1/66); 3.1 (1; 67/0); 3.1.1 (1; 48/0)	R: blaTEM-1D	S	S	S	S	R: catA1	R: dfrA15;sul1	R: sul1	R: dfrA15	R: tetB	1	1	1	0	0	0	0	0	0	0	0	0	0	0	0	0	0	0	0	0	0	0	0	0	0	0	0	0	0	0	0	0	1	0	0	0	0	0	0	0	0	0	0	0	1	0	1	0	0	0	0	0	1	0	0	0	1	0	0
ERR573971	typhi	91.697	3.1.1	strong	-	-	-	-	1 (1; 0/67); 2 (1; 0/72); 3 (1; 0/56); 3.1 (1; 59/0); 3.1.1 (1; 54/0)	S	S	S	S	S	R: catA1	R: dfrA15;sul1	R: sul1	R: dfrA15	S	0	0	0	0	0	0	0	0	0	0	0	0	0	0	0	0	0	0	0	0	0	0	0	0	0	0	0	0	0	0	0	0	0	0	0	0	0	0	0	0	0	0	0	0	1	0	1	0	0	0	0	0	1	0	0	0	0	0	0
ERR573972	typhi	91.697	0.0.3	strong	-	-	-	-	0.0.3 (1; 57/0)	S	S	S	S	S	S	S	S	S	S	0	0	0	0	0	0	0	0	0	0	0	0	0	0	0	0	0	0	0	0	0	0	0	0	0	0	0	0	0	0	0	0	0	0	0	0	0	0	0	0	0	0	0	0	0	0	0	0	0	0	0	0	0	0	0	0	0	0	0
ERR573973	typhi	91.697	3.1.1	strong	-	-	-	-	1 (1; 0/57); 2 (1; 0/55); 3 (1; 0/61); 3.1 (1; 63/0); 3.1.1 (1; 47/1)	R: blaTEM-1D	S	S	S	S	R: catA1	R: dfrA15;sul1	R: sul1	R: dfrA15	R: tetB	1	1	1	0	0	0	0	0	0	0	0	0	0	0	0	0	0	0	0	0	0	0	0	0	0	0	0	0	0	0	0	0	1	0	0	0	0	0	0	0	0	0	0	0	1	0	1	0	0	0	0	0	1	0	0	0	1	0	0
ERR657370	typhi	91.697	3.1.1	strong	-	-	-	-	1 (1; 0/63); 2 (1; 0/71); 3 (1; 0/79); 3.1 (1; 64/0); 3.1.1 (1; 64/0)	R: blaTEM-1D	S	S	S	S	R: catA1	R: dfrA15;sul1	R: sul1	R: dfrA15	R: tetB	1	1	1	0	0	0	0	0	0	0	0	0	0	0	0	0	0	0	0	0	0	0	0	0	0	0	0	0	0	0	0	0	1	0	0	0	0	0	0	0	0	0	0	0	1	0	1	0	0	0	0	0	1	0	0	0	1	0	0
ERR657371	typhi	91.71	3.1.1	strong	-	-	-	-	1 (1; 0/71); 2 (1; 0/70); 3 (1; 0/70); 3.1 (1; 71/0); 3.1.1 (1; 55/0)	R: blaTEM-1D	S	S	S	S	R: catA1	R: dfrA15;sul1	R: sul1	R: dfrA15	R: tetB	1	1	1	0	0	0	0	0	0	0	0	0	0	0	0	0	0	0	0	0	0	0	0	0	0	0	0	0	0	0	0	0	1	0	0	0	0	0	0	0	0	0	0	0	1	0	1	0	0	0	0	0	1	0	0	0	1	0	0
ERR657372	typhi	91.712	2.2	strong	-	-	-	-	1 (1; 0/67); 2 (1; 0/80); 2.2 (1; 66/0)	S	S	S	S	S	S	S	S	S	S	0	0	0	0	0	0	0	0	0	0	0	0	0	0	0	0	0	0	0	0	0	0	0	0	0	0	0	0	0	0	0	0	0	0	0	0	0	0	0	0	0	0	0	0	0	0	0	0	0	0	0	0	0	0	0	0	0	0	0
ERR657373	typhi	91.722	3.1.1	strong	-	-	-	-	1 (1; 0/66); 2 (1; 0/83); 3 (1; 0/75); 3.1 (1; 75/0); 3.1.1 (1; 66/0)	R: blaTEM-1D	S	S	S	I: gyrA_S83Y	S	R: dfrA14;sul2	R: sul2	R: dfrA14	R: tetA	0	0	0	0	0	0	0	0	0	0	0	0	1	0	1	0	0	0	0	0	1	0	0	0	0	0	0	0	0	0	0	0	1	0	0	0	0	0	0	0	0	0	0	0	0	0	0	1	0	0	0	1	0	0	0	1	0	0	0
ERR657374	typhi	91.697	3.1.1	strong	-	-	-	-	1 (1; 0/72); 2 (1; 0/75); 3 (1; 0/72); 3.1 (1; 66/0); 3.1.1 (1; 86/0)	R: blaTEM-1D	S	S	S	I: gyrA_S83Y	S	R: dfrA14;sul2	R: sul2	R: dfrA14	R: tetA	0	0	0	0	0	0	0	0	0	0	0	0	1	0	1	0	0	0	0	0	1	0	0	0	0	0	0	0	0	0	0	0	1	0	0	0	0	0	0	0	0	0	0	0	0	0	0	1	0	0	0	1	0	0	0	1	0	0	0
ERR657375	typhi	91.697	2.3.1	strong	-	-	-	-	1 (1; 0/66); 2 (1; 0/67); 2.2 (1; 77/0); 2.3 (1; 85/2); 2.3.2 (1; 63/0); 2.3.1 (1; 66/1)	S	S	S	S	S	S	R: dfrA1;sul1;sul2	R: sul1;sul2	R: dfrA1	R: tetB	1	1	1	0	0	0	0	0	0	0	0	0	0	0	0	0	0	0	0	0	0	0	0	0	0	0	0	0	0	0	0	0	0	0	0	0	0	0	0	0	0	0	0	0	0	0	1	1	1	0	0	0	0	0	0	0	1	0	0
ERR657377	typhi	91.697	3.3	strong	-	-	-	-	1 (1; 0/87); 2 (1; 0/86); 3 (1; 0/73); 3.3 (1; 83/0)	S	S	S	S	S	S	S	S	S	S	0	0	0	0	0	0	0	0	0	0	0	0	0	0	0	0	0	0	0	0	0	0	0	0	0	0	0	0	0	0	0	0	0	0	0	0	0	0	0	0	0	0	0	0	0	0	0	0	0	0	0	0	0	0	0	0	0	0	0
ERR657378	typhi	91.697	3.1.1	strong	-	-	-	-	1 (1; 0/66); 2 (1; 0/65); 3 (1; 0/62); 3.1 (1; 57/0); 3.1.1 (1; 78/0)	R: blaTEM-1D	S	S	S	S	R: catA1	R: dfrA15;sul1	R: sul1	R: dfrA15	R: tetB	1	1	1	0	0	0	0	0	0	0	0	0	0	0	0	0	0	0	0	0	0	0	0	0	0	0	0	0	0	0	0	0	1	0	0	0	0	0	0	0	0	0	0	0	1	0	1	0	0	0	0	0	1	0	0	0	1	0	0
ERR657379	typhi	91.722	2.2	strong	-	-	-	-	1 (1; 0/64); 2 (1; 0/76); 2.2 (1; 93/0)	S	S	S	S	S	S	S	S	S	S	0	0	0	0	0	0	0	0	0	0	0	0	0	0	0	0	0	0	0	0	0	0	0	0	0	0	0	0	0	0	0	0	0	0	0	0	0	0	0	0	0	0	0	0	0	0	0	0	0	0	0	0	0	0	0	0	0	0	0
ERR657381	typhi	91.697	2.2	strong	-	-	-	-	1 (1; 0/82); 2 (1; 0/91); 2.2 (1; 84/0)	S	S	S	S	S	S	S	S	S	S	0	0	0	0	0	0	0	0	0	0	0	0	0	0	0	0	0	0	0	0	0	0	0	0	0	0	0	0	0	0	0	0	0	0	0	0	0	0	0	0	0	0	0	0	0	0	0	0	0	0	0	0	0	0	0	0	0	0	0
ERR657382	typhi	91.697	2.2	strong	-	-	-	-	1 (1; 0/80); 2 (1; 0/72); 2.2 (1; 75/0)	S	S	S	S	S	S	S	S	S	S	0	0	0	0	0	0	0	0	0	0	0	0	0	0	0	0	0	0	0	0	0	0	0	0	0	0	0	0	0	0	0	0	0	0	0	0	0	0	0	0	0	0	0	0	0	0	0	0	0	0	0	0	0	0	0	0	0	0	0
ERR657383	typhi	91.697	2.3.1	strong	-	-	-	-	1 (1; 0/61); 2 (1; 0/72); 2.2 (1; 73/0); 2.3 (1; 63/0); 2.3.2 (1; 64/0); 2.3.1 (1; 45/0)	R: blaTEM-1D	S	S	S	S	S	R: dfrA1;sul1;sul2	R: sul1;sul2	R: dfrA1	R: tetB	1	1	1	0	0	0	0	0	0	0	0	0	0	0	0	0	0	0	0	0	0	0	0	0	0	0	0	0	0	0	0	0	1	0	0	0	0	0	0	0	0	0	0	0	0	0	1	1	1	0	0	0	0	0	0	0	1	0	0
ERR657385	typhi	91.699	3.1.1	weak	0.481	3.1 (0.5; 47/35); 3.1.1 (0.5; 37/40)	0.403	3.3 (0.5; 31/46)	1 (1; 0/68); 2 (1; 0/74); 3 (1; 0/84); 3.1 (0.5; 47/35); 3.1.1 (0.5; 37/40)	R: blaTEM-1D	S	S	S	S	R: catA1	R: dfrA15;sul1	R: sul1	R: dfrA15	R: tetB	1	1	1	0	0	0	0	0	0	0	0	0	0	0	0	0	0	0	0	0	0	0	0	0	0	0	0	0	0	0	0	0	1	0	0	0	0	0	0	0	0	0	0	0	1	0	1	0	0	0	0	0	1	0	0	0	1	0	0
ERR657389	typhi	91.697	2.2	strong	-	-	-	-	1 (1; 0/74); 2 (1; 0/64); 2.2 (1; 71/0)	S	S	S	S	S	S	S	S	S	S	0	0	0	0	0	0	0	0	0	0	0	0	0	0	0	0	0	0	0	0	0	0	0	0	0	0	0	0	0	0	0	0	0	0	0	0	0	0	0	0	0	0	0	0	0	0	0	0	0	0	0	0	0	0	0	0	0	0	0
ERR657390	typhi	91.703	2.1	strong	-	-	-	-	1 (1; 0/62); 2 (1; 0/79); 2.1 (1; 64/0)	S	S	S	S	S	S	S	S	S	S	0	0	0	0	0	0	0	0	0	0	0	0	0	0	0	0	0	0	0	0	0	0	0	0	0	0	0	0	0	0	0	0	0	0	0	0	0	0	0	0	0	0	0	0	0	0	0	0	0	0	0	0	0	0	0	0	0	0	0
ERR657393	typhi	91.697	3.1.1	strong	-	-	-	-	1 (1; 0/72); 2 (1; 0/85); 3 (1; 0/73); 3.1 (1; 84/0); 3.1.1 (1; 70/0)	R: blaTEM-1D	S	S	S	S	R: catA1	R: dfrA15;sul1	R: sul1	R: dfrA15	R: tetB	1	1	1	0	0	0	0	0	0	0	0	0	0	0	0	0	0	0	0	0	0	0	0	0	0	0	0	0	0	0	0	0	1	0	0	0	0	0	0	0	0	0	0	0	1	0	1	0	0	0	0	0	1	0	0	0	1	0	0
ERR657394	typhi	91.708	3.1.1	strong	-	-	-	-	1 (1; 0/88); 2 (1; 0/82); 3 (1; 0/66); 3.1 (1; 77/0); 3.1.1 (1; 67/0)	R: blaTEM-1D	S	S	S	S	R: catA1	R: dfrA15;sul1	R: sul1	R: dfrA15	R: tetB	1	1	1	0	0	0	0	0	0	0	0	0	0	0	0	0	0	0	0	0	0	0	0	0	0	0	0	0	0	0	0	0	1	0	0	0	0	0	0	0	0	0	0	0	1	0	1	0	0	0	0	0	1	0	0	0	1	0	0
ERR657396	typhi	91.697	3.1.1	strong	-	-	-	-	1 (1; 0/78); 2 (1; 0/84); 3 (1; 0/87); 3.1 (1; 84/0); 3.1.1 (1; 68/1)	R: blaTEM-1D	S	S	S	S	R: catA1	R: dfrA15;sul1	R: sul1	R: dfrA15	R: tetB	1	1	1	0	0	0	0	0	0	0	0	0	0	0	0	0	0	0	0	0	0	0	0	0	0	0	0	0	0	0	0	0	1	0	0	0	0	0	0	0	0	0	0	0	1	0	1	0	0	0	0	0	1	0	0	0	1	0	0
ERR657397	typhi	91.697	3.1.1	strong	-	-	-	-	1 (1; 0/79); 2 (1; 0/82); 3 (1; 0/66); 3.1 (1; 102/0); 3.1.1 (1; 79/0)	S	S	S	S	S	S	S	S	S	S	0	0	0	0	0	0	0	0	0	0	0	0	0	0	0	0	0	0	0	0	0	0	0	0	0	0	0	0	0	0	0	0	0	0	0	0	0	0	0	0	0	0	0	0	0	0	0	0	0	0	0	0	0	0	0	0	0	0	0
ERR657401	typhi	91.697	3.1.1	strong	-	-	-	-	1 (1; 0/69); 2 (1; 0/73); 3 (1; 0/68); 3.1 (1; 89/0); 3.1.1 (1; 66/0)	S	S	S	S	S	R: catA1	R: dfrA15;sul1	R: sul1	R: dfrA15	S	0	0	0	0	0	0	0	0	0	0	0	0	0	0	0	0	0	0	0	0	0	0	0	0	0	0	0	0	0	0	0	0	0	0	0	0	0	0	0	0	0	0	0	0	1	0	1	0	0	0	0	0	1	0	0	0	0	0	0
ERR657403	typhi	91.697	3.1.1	strong	-	-	-	-	1 (1; 0/77); 2 (1; 0/77); 3 (1; 0/79); 3.1 (1; 90/0); 3.1.1 (1; 93/0)	S	S	S	S	S	S	S	S	S	S	0	0	0	0	0	0	0	0	0	0	0	0	0	0	0	0	0	0	0	0	0	0	0	0	0	0	0	0	0	0	0	0	0	0	0	0	0	0	0	0	0	0	0	0	0	0	0	0	0	0	0	0	0	0	0	0	0	0	0
ERR657407	typhi	91.697	3.1.1	strong	-	-	-	-	1 (1; 0/65); 2 (1; 0/66); 3 (1; 0/84); 3.1 (1; 71/0); 3.1.1 (1; 61/0)	R: blaTEM-1D	S	S	S	S	R: catA1	R: dfrA15;sul1	R: sul1	R: dfrA15	R: tetB	1	1	1	0	0	0	0	0	0	0	0	0	0	0	0	0	0	0	0	0	0	0	0	0	0	0	0	0	0	0	0	0	1	0	0	0	0	0	0	0	0	0	0	0	1	0	1	0	0	0	0	0	1	0	0	0	1	0	0
ERR657408	typhi	91.717	3.1.1	strong	-	-	-	-	1 (1; 0/59); 2 (1; 0/65); 3 (1; 0/62); 3.1 (1; 83/0); 3.1.1 (1; 71/0)	S	S	S	S	S	R: catA1	R: dfrA15;sul1	R: sul1	R: dfrA15	S	0	0	0	0	0	0	0	0	0	0	0	0	0	0	0	0	0	0	0	0	0	0	0	0	0	0	0	0	0	0	0	0	0	0	0	0	0	0	0	0	0	0	0	0	1	0	1	0	0	0	0	0	1	0	0	0	0	0	0
ERR657410	typhi	91.697	3.1.1	strong	-	-	-	-	1 (1; 0/57); 2 (1; 0/63); 3 (1; 0/66); 3.1 (1; 66/0); 3.1.1 (1; 64/0)	R: blaTEM-1D	S	S	S	S	R: catA1	R: dfrA15;sul1	R: sul1	R: dfrA15	R: tetB	1	1	1	0	0	0	0	0	0	0	0	0	0	0	0	0	0	0	0	0	0	0	0	0	0	0	0	0	0	0	0	0	1	0	0	0	0	0	0	0	0	0	0	0	1	0	1	0	0	0	0	0	1	0	0	0	1	0	0
ERR657412	typhi	91.697	3.1.1	strong	-	-	-	-	1 (1; 0/54); 2 (1; 0/74); 3 (1; 0/84); 3.1 (1; 78/0); 3.1.1 (1; 69/0)	R: blaTEM-1D	S	S	S	S	R: catA1	R: dfrA15;sul1	R: sul1	R: dfrA15	R: tetB	1	1	1	0	0	0	0	0	0	0	0	0	0	0	0	0	0	0	0	0	0	0	0	0	0	0	0	0	0	0	0	0	1	0	0	0	0	0	0	0	0	0	0	0	1	0	1	0	0	0	0	0	1	0	0	0	1	0	0
ERR657413	typhi	91.697	3.1.1	strong	-	-	-	-	1 (1; 0/67); 2 (1; 0/76); 3 (1; 0/79); 3.1 (1; 76/0); 3.1.1 (1; 70/0)	R: blaTEM-1D	S	S	S	S	R: catA1	R: dfrA15;sul1	R: sul1	R: dfrA15	R: tetB	1	1	1	0	0	0	0	0	0	0	0	0	0	0	0	0	0	0	0	0	0	0	0	0	0	0	0	0	0	0	0	0	1	0	0	0	0	0	0	0	0	0	0	0	1	0	1	0	0	0	0	0	1	0	0	0	1	0	0
ERR657414	typhi	91.697	3.1.1	strong	-	-	-	-	1 (1; 0/54); 2 (1; 0/85); 3 (1; 0/66); 3.1 (1; 72/0); 3.1.1 (1; 62/0)	R: blaTEM-1D	S	S	S	S	R: catA1	R: dfrA15;sul1	R: sul1	R: dfrA15	R: tetB	1	1	1	0	0	0	0	0	0	0	0	0	0	0	0	0	0	0	0	0	0	0	0	0	0	0	0	0	0	0	0	0	1	0	0	0	0	0	0	0	0	0	0	0	1	0	1	0	0	0	0	0	1	0	0	0	1	0	0
ERR657415	typhi	91.718	3.1.1	strong	-	-	-	-	1 (1; 0/57); 2 (1; 0/71); 3 (1; 1/74); 3.1 (1; 74/0); 3.1.1 (1; 66/0)	R: blaTEM-1D	S	S	S	S	R: catA1	R: dfrA15;sul1	R: sul1	R: dfrA15	R: tetB	1	1	1	0	0	0	0	0	0	0	0	0	0	0	0	0	0	0	0	0	0	0	0	0	0	0	0	0	0	0	0	0	1	0	0	0	0	0	0	0	0	0	0	0	1	0	1	0	0	0	0	0	1	0	0	0	1	0	0
ERR657417	typhi	91.697	3.1.1	strong	-	-	-	-	1 (1; 0/67); 2 (1; 0/66); 3 (1; 0/78); 3.1 (1; 82/0); 3.1.1 (1; 64/0)	S	S	S	S	S	S	S	S	S	S	0	0	0	0	0	0	0	0	0	0	0	0	0	0	0	0	0	0	0	0	0	0	0	0	0	0	0	0	0	0	0	0	0	0	0	0	0	0	0	0	0	0	0	0	0	0	0	0	0	0	0	0	0	0	0	0	0	0	0
ERR657419	typhi	91.697	3.1.1	strong	-	-	-	-	1 (1; 0/66); 2 (1; 0/75); 3 (1; 0/81); 3.1 (1; 93/0); 3.1.1 (1; 64/0)	R: blaTEM-1D	S	S	S	S	R: catA1	R: dfrA15;sul1	R: sul1	R: dfrA15	R: tetB	1	1	1	0	0	0	0	0	0	0	0	0	0	0	0	0	0	0	0	0	0	0	0	0	0	0	0	0	0	0	0	0	1	0	0	0	0	0	0	0	0	0	0	0	1	0	1	0	0	0	0	0	1	0	0	0	1	0	0
ERR657420	typhi	91.697	2.3.2	strong	-	-	-	-	1 (1; 0/70); 2 (1; 0/80); 2.2 (1; 75/0); 2.3 (1; 72/0); 2.3.2 (1; 79/0)	S	S	S	S	S	S	S	S	S	S	0	0	0	0	0	0	0	0	0	0	0	0	0	0	0	0	0	0	0	0	0	0	0	0	0	0	0	0	0	0	0	0	0	0	0	0	0	0	0	0	0	0	0	0	0	0	0	0	0	0	0	0	0	0	0	0	0	0	0
ERR657421	typhi	91.697	3.1.1	strong	-	-	-	-	1 (1; 0/57); 2 (1; 0/81); 3 (1; 0/77); 3.1 (1; 86/0); 3.1.1 (1; 72/0)	R: blaTEM-1D	S	S	S	S	R: catA1	R: dfrA15;sul1	R: sul1	R: dfrA15	R: tetB	1	1	1	0	0	0	0	0	0	0	0	0	0	0	0	0	0	0	0	0	0	0	0	0	0	0	0	0	0	0	0	0	1	0	0	0	0	0	0	0	0	0	0	0	1	0	1	0	0	0	0	0	1	0	0	0	1	0	0
ERR657422	typhi	91.697	3.1.1	strong	-	-	-	-	1 (1; 1/62); 2 (1; 0/66); 3 (1; 0/46); 3.1 (1; 71/0); 3.1.1 (1; 59/0)	R: blaTEM-1D	S	S	S	S	R: catA1	R: dfrA15;sul1	R: sul1	R: dfrA15	R: tetB	1	1	1	0	0	0	0	0	0	0	0	0	0	0	0	0	0	0	0	0	0	0	0	0	0	0	0	0	0	0	0	0	1	0	0	0	0	0	0	0	0	0	0	0	1	0	1	0	0	0	0	0	1	0	0	0	1	0	0
ERR657423	typhi	91.722	2.2	strong	-	-	-	-	1 (1; 0/71); 2 (1; 0/66); 2.2 (1; 71/0)	S	S	S	S	S	S	S	S	S	S	0	0	0	0	0	0	0	0	0	0	0	0	0	0	0	0	0	0	0	0	0	0	0	0	0	0	0	0	0	0	0	0	0	0	0	0	0	0	0	0	0	0	0	0	0	0	0	0	0	0	0	0	0	0	0	0	0	0	0
ERR657424	typhi	91.697	3.1.1	strong	-	-	-	-	1 (1; 0/63); 2 (1; 0/56); 3 (1; 0/72); 3.1 (1; 82/0); 3.1.1 (1; 65/0)	R: blaTEM-1D	S	S	S	I: gyrA_S83Y	S	R: dfrA14;sul2	R: sul2	R: dfrA14	R: tetA	0	0	0	0	0	0	0	0	0	0	0	0	1	0	1	0	0	0	0	0	1	0	0	0	0	0	0	0	0	0	0	0	1	0	0	0	0	0	0	0	0	0	0	0	0	0	0	1	0	0	0	1	0	0	0	1	0	0	0
ERR657425	typhi	91.712	2.3.1	strong	-	-	-	-	1 (1; 0/70); 2 (1; 0/71); 2.2 (1; 78/0); 2.3 (1; 68/1); 2.3.2 (1; 46/0); 2.3.1 (1; 63/0)	R: blaTEM-1D	S	S	S	S	S	R: dfrA1;sul1;sul2	R: sul1;sul2	R: dfrA1	R: tetB	1	1	1	0	0	0	0	0	0	0	0	0	0	0	0	0	0	0	0	0	0	0	0	0	0	0	0	0	0	0	0	0	1	0	0	0	0	0	0	0	0	0	0	0	0	0	1	1	1	0	0	0	0	0	0	0	1	0	0
ERR657426	typhi	91.722	3.1.1	strong	-	-	-	-	1 (1; 0/68); 2 (1; 0/83); 3 (1; 0/77); 3.1 (1; 62/0); 3.1.1 (1; 74/0)	R: blaTEM-1D	S	S	S	S	S	S	S	S	R: tetB	1	1	1	0	0	0	0	0	0	0	0	0	0	0	0	0	0	0	0	0	0	0	0	0	0	0	0	0	0	0	0	0	1	0	0	0	0	0	0	0	0	0	0	0	0	0	0	0	0	0	0	0	0	0	0	0	1	0	0
ERR657427	typhi	91.697	2.3.1	strong	-	-	-	-	1 (1; 0/69); 2 (1; 0/82); 2.2 (1; 59/0); 2.3 (1; 77/0); 2.3.2 (1; 67/0); 2.3.1 (1; 67/0)	R: blaTEM-1D	S	S	S	S	S	R: dfrA1;sul1;sul2	R: sul1;sul2	R: dfrA1	R: tetB	1	1	1	0	0	0	0	0	0	0	0	0	0	0	0	0	0	0	0	0	0	0	0	0	0	0	0	0	0	0	0	0	1	0	0	0	0	0	0	0	0	0	0	0	0	0	1	1	1	0	0	0	0	0	0	0	1	0	0
ERR657428	typhi	91.723	3.1.1	strong	-	-	-	-	1 (1; 0/57); 2 (1; 0/65); 3 (1; 0/54); 3.1 (1; 58/0); 3.1.1 (1; 52/0)	R: blaTEM-1D	S	S	S	S	R: catA1	R: dfrA15;sul1	R: sul1	R: dfrA15	R: tetB	1	1	1	0	0	0	0	0	0	0	0	0	0	0	0	0	0	0	0	0	0	0	0	0	0	0	0	0	0	0	0	0	1	0	0	0	0	0	0	0	0	0	0	0	1	0	1	0	0	0	0	0	1	0	0	0	1	0	0
ERR657429	typhi	91.697	3.1.1	strong	-	-	-	-	1 (1; 0/59); 2 (1; 0/81); 3 (1; 0/68); 3.1 (1; 64/0); 3.1.1 (1; 71/0)	R: blaTEM-1D	S	S	S	S	R: catA1	R: dfrA15;sul1	R: sul1	R: dfrA15	R: tetB	1	1	1	0	0	0	0	0	0	0	0	0	0	0	0	0	0	0	0	0	0	0	0	0	0	0	0	0	0	0	0	0	1	0	0	0	0	0	0	0	0	0	0	0	1	0	1	0	0	0	0	0	1	0	0	0	1	0	0
ERR657432	typhi	91.697	2.3.1	strong	-	-	-	-	1 (1; 0/62); 2 (1; 0/80); 2.2 (1; 65/1); 2.3 (1; 71/0); 2.3.2 (1; 68/0); 2.3.1 (1; 59/0)	R: blaTEM-1D	S	S	S	S	S	R: dfrA1;sul1;sul2	R: sul1;sul2	R: dfrA1	R: tetB	1	1	1	0	0	0	0	0	0	0	0	0	0	0	0	0	0	0	0	0	0	0	0	0	0	0	0	0	0	0	0	0	1	0	0	0	0	0	0	0	0	0	0	0	0	0	1	1	1	0	0	0	0	0	0	0	1	0	0
ERR657433	typhi	91.697	3.1.1	strong	-	-	-	-	1 (1; 0/43); 2 (1; 0/70); 3 (1; 0/64); 3.1 (1; 65/0); 3.1.1 (1; 53/0)	R: blaTEM-1D	S	S	S	S	R: catA1	R: dfrA15;sul1	R: sul1	R: dfrA15	R: tetB	1	1	1	0	0	0	0	0	0	0	0	0	0	0	0	0	0	0	0	0	0	0	0	0	0	0	0	0	0	0	0	0	1	0	0	0	0	0	0	0	0	0	0	0	1	0	1	0	0	0	0	0	1	0	0	0	1	0	0
ERR657434	typhi	91.697	2.2	strong	-	-	-	-	1 (1; 0/56); 2 (1; 0/54); 2.2 (1; 53/0)	S	S	S	S	S	S	S	S	S	S	0	0	0	0	0	0	0	0	0	0	0	0	0	0	0	0	0	0	0	0	0	0	0	0	0	0	0	0	0	0	0	0	0	0	0	0	0	0	0	0	0	0	0	0	0	0	0	0	0	0	0	0	0	0	0	0	0	0	0
ERR657435	typhi	91.697	3.1.1	strong	-	-	-	-	1 (1; 0/40); 2 (1; 0/48); 3 (1; 0/48); 3.1 (1; 50/0); 3.1.1 (1; 46/0)	R: blaTEM-1D	S	S	S	I: gyrA_S83Y	S	R: dfrA14;sul2	R: sul2	R: dfrA14	R: tetA	0	0	0	0	0	0	0	0	0	0	0	0	1	0	1	0	0	0	0	0	1	0	0	0	0	0	0	0	0	0	0	0	1	0	0	0	0	0	0	0	0	0	0	0	0	0	0	1	0	0	0	1	0	0	0	1	0	0	0
ERR657437	typhi	91.722	2.2	strong	-	-	-	-	1 (1; 0/34); 2 (1; 0/42); 2.2 (1; 37/0)	S	S	S	S	S	S	S	S	S	S	0	0	0	0	0	0	0	0	0	0	0	0	0	0	0	0	0	0	0	0	0	0	0	0	0	0	0	0	0	0	0	0	0	0	0	0	0	0	0	0	0	0	0	0	0	0	0	0	0	0	0	0	0	0	0	0	0	0	0
ERR657439	typhi	91.697	2.3.1	strong	-	-	-	-	1 (1; 0/36); 2 (1; 0/27); 2.2 (1; 23/0); 2.3 (1; 35/0); 2.3.2 (1; 27/0); 2.3.1 (1; 31/0)	S	S	S	S	S	S	R: dfrA1;sul1;sul2	R: sul1;sul2	R: dfrA1	R: tetB	1	1	1	0	0	0	0	0	0	0	0	0	0	0	0	0	0	0	0	0	0	0	0	0	0	0	0	0	0	0	0	0	0	0	0	0	0	0	0	0	0	0	0	0	0	0	1	1	1	0	0	0	0	0	0	0	1	0	0
ERR657442	typhi	91.697	2.2	strong	-	-	-	-	1 (1; 0/49); 2 (1; 0/58); 2.2 (1; 67/7)	S	S	S	S	S	S	S	S	S	S	0	0	0	0	0	0	0	0	0	0	0	0	0	0	0	0	0	0	0	0	0	0	0	0	0	0	0	0	0	0	0	0	0	0	0	0	0	0	0	0	0	0	0	0	0	0	0	0	0	0	0	0	0	0	0	0	0	0	0
ERR657444	typhi	91.697	2.2	strong	-	-	-	-	1 (1; 0/87); 2 (1; 0/96); 2.2 (1; 81/0)	S	S	S	S	S	S	S	S	S	S	0	0	0	0	0	0	0	0	0	0	0	0	0	0	0	0	0	0	0	0	0	0	0	0	0	0	0	0	0	0	0	0	0	0	0	0	0	0	0	0	0	0	0	0	0	0	0	0	0	0	0	0	0	0	0	0	0	0	0
ERR657446	typhi	91.697	2.3.1	strong	-	-	-	-	1 (1; 0/70); 2 (1; 0/74); 2.2 (1; 67/0); 2.3 (1; 60/0); 2.3.2 (1; 81/0); 2.3.1 (1; 68/1)	R: blaTEM-1D	S	S	S	S	S	R: dfrA1;sul1;sul2	R: sul1;sul2	R: dfrA1	R: tetB	1	1	1	0	0	0	0	0	0	0	0	0	0	0	0	0	0	0	0	0	0	0	0	0	0	0	0	0	0	0	0	0	1	0	0	0	0	0	0	0	0	0	0	0	0	0	1	1	1	0	0	0	0	0	0	0	1	0	0
ERR657447	typhi	91.722	3.1.1	strong	-	-	-	-	1 (1; 0/59); 2 (1; 0/72); 3 (1; 1/87); 3.1 (1; 84/0); 3.1.1 (1; 73/0)	S	S	S	S	S	S	S	S	S	S	0	0	0	0	0	0	0	0	0	0	0	0	0	0	0	0	0	0	0	0	0	0	0	0	0	0	0	0	0	0	0	0	0	0	0	0	0	0	0	0	0	0	0	0	0	0	0	0	0	0	0	0	0	0	0	0	0	0	0
ERR657448	typhi	91.722	3.1.1	strong	-	-	-	-	1 (1; 1/71); 2 (1; 1/72); 3 (1; 0/66); 3.1 (1; 82/0); 3.1.1 (1; 74/0)	R: blaTEM-1D	S	S	S	S	R: catA1	R: dfrA15;sul1	R: sul1	R: dfrA15	R: tetB	1	1	1	0	0	0	0	0	0	0	0	0	0	0	0	0	0	0	0	0	0	0	0	0	0	0	0	0	0	0	0	0	1	0	0	0	0	0	0	0	0	0	0	0	1	0	1	0	0	0	0	0	1	0	0	0	1	0	0
ERR657449	typhi	91.697	3.1.1	strong	-	-	-	-	1 (1; 0/51); 2 (1; 0/53); 3 (1; 0/38); 3.1 (1; 44/0); 3.1.1 (1; 48/0)	R: blaTEM-1D	S	S	S	S	R: catA1	R: dfrA15;sul1	R: sul1	R: dfrA15	R: tetB	1	1	1	0	0	0	0	0	0	0	0	0	0	0	0	0	0	0	0	0	0	0	0	0	0	0	0	0	0	0	0	0	1	0	0	0	0	0	0	0	0	0	0	0	1	0	1	0	0	0	0	0	1	0	0	0	1	0	0
ERR657450	typhi	94.693	3.1.1	strong	-	-	-	-	1 (1; 0/19); 2 (1; 0/22); 3 (1; 1/20); 3.1 (1; 34/0); 3.1.1 (1; 34/2)	R: blaTEM-1D	S	S	S	S	R: catA1	R: dfrA15;sul1	R: sul1	R: dfrA15	R: tetB	1	1	0	0	0	0	0	0	0	0	0	0	0	0	0	0	0	0	0	0	0	0	0	0	0	0	0	0	0	0	0	0	1	0	0	0	0	0	0	0	0	0	0	0	1	0	1	0	0	0	0	0	1	0	0	0	1	0	0
ERR657451	typhi	91.697	2.2	strong	-	-	-	-	1 (1; 0/21); 2 (1; 0/30); 2.2 (1; 28/0)	S	S	S	S	S	S	S	S	S	S	0	0	0	0	0	0	0	0	0	0	0	0	0	0	0	0	0	0	0	0	0	0	0	0	0	0	0	0	0	0	0	0	0	0	0	0	0	0	0	0	0	0	0	0	0	0	0	0	0	0	0	0	0	0	0	0	0	0	0
ERR657452	typhi	91.697	2.3.1	strong	-	-	-	-	1 (1; 0/40); 2 (1; 0/41); 2.2 (1; 37/0); 2.3 (1; 42/1); 2.3.2 (1; 50/0); 2.3.1 (1; 25/0)	R: blaTEM-1D	S	S	S	S	S	R: dfrA1;sul1;sul2	R: sul1;sul2	R: dfrA1	R: tetB	1	1	1	0	0	0	0	0	0	0	0	0	0	0	0	0	0	0	0	0	0	0	0	0	0	0	0	0	0	0	0	0	1	0	0	0	0	0	0	0	0	0	0	0	0	0	1	1	1	0	0	0	0	0	0	0	1	0	0
ERR657453	typhi	91.722	2.1	strong	-	-	-	-	1 (1; 0/105); 2 (1; 0/128); 2.1 (1; 115/0)	S	S	S	S	S	S	S	S	S	S	0	0	0	0	0	0	0	0	0	0	0	0	0	0	0	0	0	0	0	0	0	0	0	0	0	0	0	0	0	0	0	0	0	0	0	0	0	0	0	0	0	0	0	0	0	0	0	0	0	0	0	0	0	0	0	0	0	0	0
ERR657454	typhi	91.709	3.1.1	strong	-	-	-	-	1 (1; 0/79); 2 (1; 0/87); 3 (1; 0/91); 3.1 (1; 103/4); 3.1.1 (1; 96/0)	R: blaTEM-1D	S	S	S	S	R: catA1	R: dfrA15;sul1	R: sul1	R: dfrA15	R: tetB	1	1	1	0	0	0	0	0	0	0	0	0	0	0	0	0	0	0	0	0	0	0	0	0	0	0	0	0	0	0	0	0	1	0	0	0	0	0	0	0	0	0	0	0	1	0	1	0	0	0	0	0	1	0	0	0	1	0	0
ERR731345	typhi	91.722	3.3	strong	-	-	-	-	1 (1; 0/47); 2 (1; 0/68); 3 (1; 1/72); 3.3 (1; 71/0)	S	S	S	S	S	S	S	S	S	S	0	0	0	0	0	0	0	0	0	0	0	0	0	0	0	0	0	0	0	0	0	0	0	0	0	0	0	0	0	0	0	0	0	0	0	0	0	0	0	0	0	0	0	0	0	0	0	0	0	0	0	0	0	0	0	0	0	0	0
ERR731346	typhi	91.697	3.1.1	strong	-	-	-	-	1 (1; 0/62); 2 (1; 0/66); 3 (1; 0/64); 3.1 (1; 65/0); 3.1.1 (1; 60/0)	R: blaTEM-1D	S	S	S	S	R: catA1	R: dfrA15;sul1	R: sul1	R: dfrA15	R: tetB	1	1	1	0	0	0	0	0	0	0	0	0	0	0	0	0	0	0	0	0	0	0	0	0	0	0	0	0	0	0	0	0	1	0	0	0	0	0	0	0	0	0	0	0	1	0	1	0	0	0	0	0	1	0	0	0	1	0	0
ERR731350	typhi	91.697	3.1.1	strong	-	-	-	-	1 (1; 0/68); 2 (1; 0/65); 3 (1; 1/68); 3.1 (1; 61/0); 3.1.1 (1; 64/0)	R: blaTEM-1D	S	S	S	S	R: catA1	R: dfrA15;sul1	R: sul1	R: dfrA15	R: tetB	1	1	1	0	0	0	0	0	0	0	0	0	0	0	0	0	0	0	0	0	0	0	0	0	0	0	0	0	0	0	0	0	1	0	0	0	0	0	0	0	0	0	0	0	1	0	1	0	0	0	0	0	1	0	0	0	1	0	0
ERR731351	typhi	91.707	3.1.1	strong	-	-	-	-	1 (1; 0/76); 2 (1; 0/71); 3 (1; 0/68); 3.1 (1; 66/0); 3.1.1 (1; 66/0)	R: blaTEM-1D	S	S	S	S	R: catA1	R: dfrA15;sul1	R: sul1	R: dfrA15	R: tetB	1	1	1	0	0	0	0	0	0	0	0	0	0	0	0	0	0	0	0	0	0	0	0	0	0	0	0	0	0	0	0	0	1	0	0	0	0	0	0	0	0	0	0	0	1	0	1	0	0	0	0	0	1	0	0	0	1	0	0
ERR731352	typhi	91.722	3.1.1	strong	-	-	-	-	1 (1; 0/63); 2 (1; 0/83); 3 (1; 0/74); 3.1 (1; 74/0); 3.1.1 (1; 53/0)	R: blaTEM-1D	S	S	S	S	R: catA1	R: dfrA15;sul1	R: sul1	R: dfrA15	R: tetB	1	1	1	0	0	0	0	0	0	0	0	0	0	0	0	0	0	0	0	0	0	0	0	0	0	0	0	0	0	0	0	0	1	0	0	0	0	0	0	0	0	0	0	0	1	0	1	0	0	0	0	0	1	0	0	0	1	0	0
ERR731355	typhi	91.697	3.1.1	strong	-	-	-	-	1 (1; 0/57); 2 (1; 0/85); 3 (1; 0/56); 3.1 (1; 84/0); 3.1.1 (1; 54/0)	R: blaTEM-1D	S	S	S	S	R: catA1	R: dfrA15;sul1	R: sul1	R: dfrA15	R: tetB	1	0	1	0	0	0	0	0	0	0	0	0	0	0	0	0	0	0	0	0	0	0	0	0	0	0	0	0	0	0	0	0	1	0	0	0	0	0	0	0	0	0	0	0	1	0	1	0	0	0	0	0	1	0	0	0	1	0	0
ERR731356	typhi	91.699	3.1.1	strong	-	-	-	-	1 (1; 0/75); 2 (1; 0/82); 3 (1; 0/76); 3.1 (1; 70/0); 3.1.1 (1; 89/1)	R: blaTEM-1D	S	S	S	S	R: catA1	R: dfrA15;sul1	R: sul1	R: dfrA15	R: tetB	1	1	1	0	0	0	0	0	0	0	0	0	0	0	0	0	0	0	0	0	0	0	0	0	0	0	0	0	0	0	0	0	1	0	0	0	0	0	0	0	0	0	0	0	1	0	1	0	0	0	0	0	1	0	0	0	1	0	0
ERR731357	typhi	91.697	2.3.1	strong	-	-	-	-	1 (1; 0/71); 2 (1; 0/67); 2.2 (1; 73/0); 2.3 (1; 60/1); 2.3.2 (1; 70/0); 2.3.1 (1; 63/0)	S	S	S	S	S	S	S	S	S	S	0	0	0	0	0	0	0	0	0	0	0	0	0	0	0	0	0	0	0	0	0	0	0	0	0	0	0	0	0	0	0	0	0	0	0	0	0	0	0	0	0	0	0	0	0	0	0	0	0	0	0	0	0	0	0	0	0	0	0
ERR731358	typhi	91.722	0.0.1	strong	-	-	-	-	0.0.1 (1; 55/0)	S	S	S	S	S	S	S	S	S	S	0	0	0	0	0	0	0	0	0	0	0	0	0	0	0	0	0	0	0	0	0	0	0	0	0	0	0	0	0	0	0	0	0	0	0	0	0	0	0	0	0	0	0	0	0	0	0	0	0	0	0	0	0	0	0	0	0	0	0
ERR731359	typhi	91.697	3.1.1	strong	-	-	-	-	1 (1; 0/73); 2 (1; 0/74); 3 (1; 0/86); 3.1 (1; 83/0); 3.1.1 (1; 67/0)	S	S	S	S	S	S	S	S	S	S	0	0	0	0	0	0	0	0	0	0	0	0	0	0	0	0	0	0	0	0	0	0	0	0	0	0	0	0	0	0	0	0	0	0	0	0	0	0	0	0	0	0	0	0	0	0	0	0	0	0	0	0	0	0	0	0	0	0	0
ERR731360	typhi	91.722	0.0.3	strong	-	-	-	-	0.0.3 (1; 77/0)	S	S	S	S	S	S	S	S	S	S	0	0	0	0	0	0	0	0	0	0	0	0	0	0	0	0	0	0	0	0	0	0	0	0	0	0	0	0	0	0	0	0	0	0	0	0	0	0	0	0	0	0	0	0	0	0	0	0	0	0	0	0	0	0	0	0	0	0	0
ERR731361	typhi	91.478	4.1	strong	-	-	-	-	1 (1; 0/70); 2 (1; 0/69); 3 (1; 0/69); 4 (1; 74/0); 4.1 (1; 66/0)	S	S	S	S	S	S	S	S	S	S	0	0	0	0	0	0	0	0	0	0	0	0	0	0	0	0	0	0	0	0	0	0	0	0	0	0	0	0	0	0	0	0	0	0	0	0	0	0	0	0	0	0	0	0	0	0	0	0	0	0	0	0	0	0	0	0	0	0	0
ERR731363	typhi	91.697	3.1.1	strong	-	-	-	-	1 (1; 0/66); 2 (1; 0/63); 3 (1; 0/68); 3.1 (1; 52/4); 3.1.1 (1; 59/1)	R: blaTEM-1D	S	S	S	S	R: catA1	R: dfrA15;sul1	R: sul1	R: dfrA15	R: tetB	1	1	0	0	0	0	0	0	0	0	0	0	0	0	0	0	0	0	0	0	0	0	0	0	0	0	0	0	0	0	0	0	1	0	0	0	0	0	0	0	0	0	0	0	1	0	1	0	0	0	0	0	1	0	0	0	1	0	0
ERR731364	typhi	91.74	3.1.1	strong	-	-	-	-	1 (1; 0/61); 2 (1; 0/79); 3 (1; 0/64); 3.1 (1; 77/0); 3.1.1 (1; 86/0)	R: blaTEM-1D	S	S	S	S	S	S	S	S	R: tetB	1	1	1	0	0	0	0	0	0	0	0	0	0	0	0	0	0	0	0	0	0	0	0	0	0	0	0	0	0	0	0	0	1	0	0	0	0	0	0	0	0	0	0	0	0	0	0	0	0	0	0	0	0	0	0	0	1	0	0
ERR731365	typhi	91.697	3.1.1	strong	-	-	-	-	1 (1; 0/61); 2 (1; 0/77); 3 (1; 0/83); 3.1 (1; 81/0); 3.1.1 (1; 66/0)	S	S	S	S	S	S	S	S	S	S	0	0	0	0	0	0	0	0	0	0	0	0	0	0	0	0	0	0	0	0	0	0	0	0	0	0	0	0	0	0	0	0	0	0	0	0	0	0	0	0	0	0	0	0	0	0	0	0	0	0	0	0	0	0	0	0	0	0	0
ERR731366	typhi	91.697	3.1.1	strong	-	-	-	-	1 (1; 0/52); 2 (1; 0/68); 3 (1; 0/78); 3.1 (1; 69/0); 3.1.1 (1; 63/0)	R: blaTEM-1D	S	S	S	S	R: catA1	R: dfrA15;sul1	R: sul1	R: dfrA15	R: tetB	1	1	1	0	0	0	0	0	0	0	0	0	0	0	0	0	0	0	0	0	0	0	0	0	0	0	0	0	0	0	0	0	1	0	0	0	0	0	0	0	0	0	0	0	1	0	1	0	0	0	0	0	1	0	0	0	1	0	0
ERR731367	typhi	91.478	4.1	strong	-	-	-	-	1 (1; 0/69); 2 (1; 0/84); 3 (1; 0/70); 4 (1; 78/0); 4.1 (1; 74/0)	S	S	S	S	S	S	S	S	S	S	0	0	0	0	0	0	0	0	0	0	0	0	0	0	0	0	0	0	0	0	0	0	0	0	0	0	0	0	0	0	0	0	0	0	0	0	0	0	0	0	0	0	0	0	0	0	0	0	0	0	0	0	0	0	0	0	0	0	0
ERR731368	typhi	91.705	0.0.3	strong	-	-	-	-	0.0.3 (1; 63/0)	S	S	S	S	S	S	S	S	S	S	0	0	0	0	0	0	0	0	0	0	0	0	0	0	0	0	0	0	0	0	0	0	0	0	0	0	0	0	0	0	0	0	0	0	0	0	0	0	0	0	0	0	0	0	0	0	0	0	0	0	0	0	0	0	0	0	0	0	0
ERR731369	typhi	91.697	2.2	strong	-	-	-	-	1 (1; 0/65); 2 (1; 0/67); 2.2 (1; 65/0)	S	S	S	S	S	S	S	S	S	S	0	0	0	0	0	0	0	0	0	0	1	0	0	0	0	0	0	0	0	0	0	0	0	0	0	0	0	0	0	0	0	0	0	0	0	0	0	0	0	0	0	0	0	0	0	0	0	0	0	0	0	0	0	0	0	0	0	0	0
ERR731370	typhi	91.697	3.1.1	strong	-	-	-	-	1 (1; 0/60); 2 (1; 0/65); 3 (1; 0/69); 3.1 (1; 79/0); 3.1.1 (1; 67/0)	R: blaTEM-1D	S	S	S	S	R: catA1	R: dfrA15;sul1	R: sul1	R: dfrA15	R: tetB	1	1	1	0	0	0	0	0	0	0	0	0	1	0	0	0	0	0	0	0	0	0	0	0	0	0	0	0	0	0	0	0	1	0	0	0	0	0	0	0	0	0	0	0	1	0	1	0	0	0	0	0	1	0	0	0	1	0	0
ERR731371	typhi	91.697	2.2	strong	-	-	-	-	1 (1; 0/51); 2 (1; 0/81); 2.2 (1; 64/0)	S	S	S	S	S	S	S	S	S	S	0	0	0	0	0	0	0	0	0	0	0	0	0	0	0	0	0	0	0	0	0	0	0	0	0	0	0	0	0	0	0	0	0	0	0	0	0	0	0	0	0	0	0	0	0	0	0	0	0	0	0	0	0	0	0	0	0	0	0
ERR731372	typhi	91.697	2.3.1	strong	-	-	-	-	1 (1; 0/80); 2 (1; 0/90); 2.2 (1; 86/0); 2.3 (1; 98/0); 2.3.2 (1; 86/0); 2.3.1 (1; 86/0)	S	S	S	S	S	S	S	S	S	S	0	0	0	0	0	0	0	0	0	0	0	0	0	0	0	0	0	0	0	0	0	0	0	0	0	0	0	0	0	0	0	0	0	0	0	0	0	0	0	0	0	0	0	0	0	0	0	0	0	0	0	0	0	0	0	0	0	0	0
ERR731373	typhi	94.722	3.1.1	strong	-	-	-	-	1 (1; 1/66); 2 (1; 0/61); 3 (1; 1/62); 3.1 (1; 63/1); 3.1.1 (1; 70/2)	R: blaTEM-1D	S	S	S	S	R: catA1	R: dfrA15;sul1	R: sul1	R: dfrA15	R: tetB	1	1	1	0	0	0	0	0	0	0	0	0	0	0	0	0	0	0	0	0	0	0	0	0	0	0	0	0	0	0	0	0	1	0	0	0	0	0	0	0	0	0	0	0	1	0	1	0	0	0	0	0	1	0	0	0	1	0	0
ERR731374	typhi	91.699	3.1.1	strong	-	-	-	-	1 (1; 0/54); 2 (1; 0/67); 3 (1; 0/76); 3.1 (1; 77/0); 3.1.1 (1; 64/0)	R: blaTEM-1D	S	S	S	S	R: catA1	R: dfrA15;sul1	R: sul1	R: dfrA15	R: tetB	1	1	1	0	0	0	0	0	0	0	0	0	0	0	0	0	0	0	0	0	0	0	0	0	0	0	0	0	0	0	0	0	1	0	0	0	0	0	0	0	0	0	0	0	1	0	1	0	0	0	0	0	1	0	0	0	1	0	0
ERR731375	typhi	91.697	3.1.1	strong	-	-	-	-	1 (1; 0/60); 2 (1; 0/67); 3 (1; 0/81); 3.1 (1; 76/0); 3.1.1 (1; 70/0)	R: blaTEM-1D	S	S	S	S	R: catA1	R: dfrA15;sul1	R: sul1	R: dfrA15	R: tetB	1	1	1	0	0	0	0	0	0	0	0	0	0	0	0	0	0	0	0	0	0	0	0	0	0	0	0	0	0	0	0	0	1	0	0	0	0	0	0	0	0	0	0	0	1	0	1	0	0	0	0	0	1	0	0	0	1	0	0
ERR731378	typhi	91.699	3.1.1	strong	-	-	-	-	1 (1; 0/72); 2 (1; 0/104); 3 (1; 0/92); 3.1 (1; 93/0); 3.1.1 (1; 92/0)	R: blaTEM-1D	S	S	S	S	R: catA1	R: dfrA15;sul1	R: sul1	R: dfrA15	R: tetB	1	1	1	0	0	0	0	0	0	0	0	0	0	0	0	0	0	0	0	0	0	0	0	0	0	0	0	0	0	0	0	0	1	0	0	0	0	0	0	0	0	0	0	0	1	0	1	0	0	0	0	0	1	0	0	0	1	0	0
ERR731379	typhi	91.697	3.1.1	strong	-	-	-	-	1 (1; 0/71); 2 (1; 0/66); 3 (1; 0/74); 3.1 (1; 71/0); 3.1.1 (1; 66/0)	S	S	S	S	S	S	S	S	S	S	0	0	0	0	0	0	0	0	0	0	0	0	0	0	0	0	0	0	0	0	0	0	0	0	0	0	0	0	0	0	0	0	0	0	0	0	0	0	0	0	0	0	0	0	0	0	0	0	0	0	0	0	0	0	0	0	0	0	0
ERR731380	typhi	91.699	3.1.1	strong	-	-	-	-	1 (1; 0/69); 2 (1; 0/79); 3 (1; 0/68); 3.1 (1; 79/0); 3.1.1 (1; 71/0)	R: blaTEM-1D	S	S	S	I: gyrA_S83F	R: catA1	R: dfrA15;sul1	R: sul1	R: dfrA15	R: tetB	1	1	1	0	0	0	0	0	0	0	0	0	0	0	1	0	0	0	0	1	0	0	0	0	0	0	0	0	0	0	0	0	1	0	0	0	0	0	0	0	0	0	0	0	1	0	1	0	0	0	0	0	1	0	0	0	1	0	0
ERR731382	typhi	91.697	3.1.1	strong	-	-	-	-	1 (1; 0/77); 2 (1; 0/72); 3 (1; 0/47); 3.1 (1; 83/0); 3.1.1 (1; 71/0)	R: blaTEM-1D	S	S	S	S	R: catA1	R: dfrA15;sul1	R: sul1	R: dfrA15	R: tetB	1	1	1	0	0	0	0	0	0	0	0	0	0	0	0	0	0	0	0	0	0	0	0	0	0	0	0	0	0	0	0	0	1	0	0	0	0	0	0	0	0	0	0	0	1	0	1	0	0	0	0	0	1	0	0	0	1	0	0
ERR731384	typhi	91.512	4.1	strong	-	-	-	-	1 (1; 0/70); 2 (1; 0/82); 3 (1; 0/64); 4 (1; 68/0); 4.1 (1; 71/0)	S	S	S	S	S	S	S	S	S	S	0	0	0	0	0	0	0	0	0	0	0	0	0	0	0	0	0	0	0	0	0	0	0	0	0	0	0	0	0	0	0	0	0	0	0	0	0	0	0	0	0	0	0	0	0	0	0	0	0	0	0	0	0	0	0	0	0	0	0
ERR731385	typhi	94.998	3.1.1	weak	0.44	1 (0.5; 31/24); 3 (0.5; 31/36); 3.1 (0.5; 33/42); 3.1.1 (0.5; 33/34)	-	-	1 (0.5; 31/24); 2 (1; 0/24); 3 (0.5; 31/36); 3.1 (0.5; 33/42); 3.1.1 (0.5; 33/34)	R: blaTEM-1D	S	S	S	S	R: catA1	R: dfrA15;sul1	R: sul1	R: dfrA15	R: tetB	1	1	1	0	0	0	0	0	0	0	0	0	0	0	0	0	0	0	0	0	0	0	0	0	0	0	0	0	0	0	0	0	1	0	0	0	0	0	0	0	0	0	0	0	1	0	1	0	0	0	0	0	1	0	0	0	1	0	0
ERR731386	typhi	91.697	3.1.1	strong	-	-	-	-	1 (1; 0/71); 2 (1; 0/55); 3 (1; 0/62); 3.1 (1; 57/0); 3.1.1 (1; 57/0)	R: blaTEM-1D	S	S	S	S	R: catA1	R: dfrA15;sul1	R: sul1	R: dfrA15	R: tetB	1	1	1	0	0	0	0	0	0	0	0	0	0	0	0	0	0	0	0	0	0	0	0	0	0	0	0	0	0	0	0	0	1	0	0	0	0	0	0	0	0	0	0	0	1	0	1	0	0	0	0	0	1	0	0	0	1	0	0
ERR731387	typhi	91.697	3.1.1	strong	-	-	-	-	1 (1; 0/55); 2 (1; 0/68); 3 (1; 0/70); 3.1 (1; 79/0); 3.1.1 (1; 53/0)	R: blaTEM-1D	S	S	S	S	R: catA1	R: dfrA15;sul1	R: sul1	R: dfrA15	R: tetB	1	1	1	0	0	0	0	0	0	0	0	0	0	0	0	0	0	0	0	0	0	0	0	0	0	0	0	0	0	0	0	0	1	0	0	0	0	0	0	0	0	0	0	0	1	0	1	0	0	0	0	0	1	0	0	0	1	0	0
ERR731388	typhi	91.697	3.1.1	strong	-	-	-	-	1 (1; 0/68); 2 (1; 0/71); 3 (1; 10/73); 3.1 (1; 72/7); 3.1.1 (1; 65/10)	R: blaTEM-1D	S	S	S	S	S	S	S	S	R: tetB	1	1	1	0	0	0	0	0	0	0	0	0	0	0	0	0	0	0	0	0	0	0	0	0	0	0	0	0	0	0	0	0	1	0	0	0	0	0	0	0	0	0	0	0	0	0	0	0	0	0	0	0	0	0	0	0	1	0	0
ERR731389	typhi	91.697	2.3.1	strong	-	-	-	-	1 (1; 0/79); 2 (1; 0/73); 2.2 (1; 77/0); 2.3 (1; 86/0); 2.3.2 (1; 59/0); 2.3.1 (1; 72/0)	S	S	S	S	S	S	R: dfrA1;sul1;sul2	R: sul1;sul2	R: dfrA1	R: tetB	1	1	1	0	0	0	0	0	0	0	0	0	0	0	0	0	0	0	0	0	0	0	0	0	0	0	0	0	0	0	0	0	0	0	0	0	0	0	0	0	0	0	0	0	0	0	1	1	1	0	0	0	0	0	0	0	1	0	0
ERR731390	typhi	91.697	3.1.1	strong	-	-	-	-	1 (1; 0/61); 2 (1; 0/65); 3 (1; 0/75); 3.1 (1; 75/0); 3.1.1 (1; 77/0)	R: blaTEM-1D	S	S	S	S	R: catA1	R: dfrA15;sul1	R: sul1	R: dfrA15	R: tetB	1	1	1	0	0	0	0	0	0	0	0	0	0	0	0	0	0	0	0	0	0	0	0	0	0	0	0	0	0	0	0	0	1	0	0	0	0	0	0	0	0	0	0	0	1	0	1	0	0	0	0	0	1	0	0	0	1	0	0
ERR731391	typhi	91.697	3.1.1	strong	-	-	-	-	1 (1; 0/62); 2 (1; 0/87); 3 (1; 0/75); 3.1 (1; 84/0); 3.1.1 (1; 70/0)	S	S	S	S	S	R: catA1	R: dfrA15;sul1	R: sul1	R: dfrA15	S	0	0	0	0	0	0	0	0	0	0	0	0	0	0	0	0	0	0	0	0	0	0	0	0	0	0	0	0	0	0	0	0	0	0	0	0	0	0	0	0	0	0	0	0	1	0	1	0	0	0	0	0	1	0	0	0	0	0	0
ERR731392	typhi	91.697	3.1.1	strong	-	-	-	-	1 (1; 0/58); 2 (1; 0/80); 3 (1; 0/74); 3.1 (1; 78/0); 3.1.1 (1; 75/0)	R: blaTEM-1D	S	S	S	I: gyrA_S83Y	R: catA1	R: dfrA15;sul1	R: sul1	R: dfrA15	R: tetB	1	1	1	0	0	0	0	0	0	0	0	0	0	0	1	0	0	0	0	0	1	0	0	0	0	0	0	0	0	0	0	0	1	0	0	0	0	0	0	0	0	0	0	0	1	0	1	0	0	0	0	0	1	0	0	0	1	0	0
ERR731393	typhi	91.697	2.3.2	strong	-	-	-	-	1 (1; 0/56); 2 (1; 0/67); 2.2 (1; 59/0); 2.3 (1; 66/0); 2.3.2 (1; 59/0)	S	S	S	S	S	S	S	S	S	S	0	0	0	0	0	0	0	0	0	0	0	0	0	0	0	0	0	0	0	0	0	0	0	0	0	0	0	0	0	0	0	0	0	0	0	0	0	0	0	0	0	0	0	0	0	0	0	0	0	0	0	0	0	0	0	0	0	0	0
ERR731394	typhi	91.697	3.1.1	strong	-	-	-	-	1 (1; 0/55); 2 (1; 0/64); 3 (1; 0/51); 3.1 (1; 59/0); 3.1.1 (1; 66/0)	R: blaTEM-1D	S	S	S	S	R: catA1	R: dfrA15;sul1	R: sul1	R: dfrA15	R: tetB	1	1	1	0	0	0	0	0	0	0	0	0	0	0	0	0	0	0	0	0	0	0	0	0	0	0	0	0	0	0	0	0	1	0	0	0	0	0	0	0	0	0	0	0	1	0	1	0	0	0	0	0	1	0	0	0	1	0	0
ERR731395	typhi	91.722	2.3.1	strong	-	-	-	-	1 (1; 0/48); 2 (1; 0/70); 2.2 (1; 63/0); 2.3 (1; 66/0); 2.3.2 (1; 59/0); 2.3.1 (1; 67/0)	R: blaTEM-1D	S	S	S	S	S	R: dfrA1;sul1;sul2	R: sul1;sul2	R: dfrA1	R: tetB	1	1	1	0	0	0	0	0	0	0	0	0	0	0	0	0	0	0	0	0	0	0	0	0	0	0	0	0	0	0	0	0	1	0	0	0	0	0	0	0	0	0	0	0	0	0	1	1	1	0	0	0	0	0	0	0	1	0	0
ERR731396	typhi	91.723	3.1.1	strong	-	-	-	-	1 (1; 0/61); 2 (1; 0/77); 3 (1; 0/47); 3.1 (1; 84/1); 3.1.1 (1; 73/0)	S	S	S	S	S	S	S	S	S	S	0	0	0	0	0	0	0	0	0	0	0	0	0	0	0	0	0	0	0	0	0	0	0	0	0	0	0	0	0	0	0	0	0	0	0	0	0	0	0	0	0	0	0	0	0	0	0	0	0	0	0	0	0	0	0	0	0	0	0
ERR731397	typhi	91.722	3.1.1	strong	-	-	-	-	1 (1; 0/61); 2 (1; 0/46); 3 (1; 0/83); 3.1 (1; 62/0); 3.1.1 (1; 73/0)	R: blaTEM-1D	S	S	S	S	R: catA1	R: dfrA15;sul1	R: sul1	R: dfrA15	R: tetB	1	1	1	0	0	0	0	0	0	0	0	0	0	0	0	0	0	0	0	0	0	0	0	0	0	0	0	0	0	0	0	0	1	0	0	0	0	0	0	0	0	0	0	0	1	0	1	0	0	0	0	0	1	0	0	0	1	0	0
ERR731398	typhi	91.697	3.1.1	strong	-	-	-	-	1 (1; 0/54); 2 (1; 0/61); 3 (1; 0/69); 3.1 (1; 73/0); 3.1.1 (1; 58/0)	R: blaTEM-1D	S	S	S	S	R: catA1	R: dfrA15;sul1	R: sul1	R: dfrA15	S	1	1	1	0	0	0	0	0	0	0	0	0	0	0	0	0	0	0	0	0	0	0	0	0	0	0	0	0	0	0	0	0	1	0	0	0	0	0	0	0	0	0	0	0	1	0	1	0	0	0	0	0	1	0	0	0	0	0	0
ERR731399	typhi	91.697	3.1.1	strong	-	-	-	-	1 (1; 0/68); 2 (1; 0/72); 3 (1; 0/57); 3.1 (1; 88/0); 3.1.1 (1; 67/0)	S	S	S	S	S	R: catA1	R: dfrA15;sul1	R: sul1	R: dfrA15	S	0	0	0	0	0	0	0	0	0	0	0	0	0	0	0	0	0	0	0	0	0	0	0	0	0	0	0	0	0	0	0	0	0	0	0	0	0	0	0	0	0	0	0	0	1	0	1	0	0	0	0	0	1	0	0	0	0	0	0
ERR731401	typhi	91.697	0.0.3	strong	-	-	0.873	1 (0.5; 51/15); 2 (0.5; 44/9); 3 (0; 48/7); 3.1 (0.5; 13/60); 3.1.1 (0.5; 14/59)	0.0.3 (1; 62/6)	R: blaTEM-1D	S	S	S	S	R: catA1	S	S	R: dfrA15	R: tetB	1	1	1	0	0	0	0	0	0	0	0	0	0	0	0	0	0	0	0	0	0	0	0	0	0	0	0	0	0	0	0	0	1	0	0	0	0	0	0	0	0	0	0	0	1	0	0	0	0	0	0	0	1	0	0	0	1	0	0
ERR731403	typhi	91.699	2.3.1	strong	-	-	-	-	1 (1; 0/56); 2 (1; 0/65); 2.2 (1; 63/0); 2.3 (1; 81/0); 2.3.2 (1; 54/0); 2.3.1 (1; 70/0)	R: blaTEM-1D	S	S	S	S	S	R: dfrA1;sul1;sul2	R: sul1;sul2	R: dfrA1	R: tetB	1	1	1	0	0	0	0	0	0	0	0	0	0	0	0	0	0	0	0	0	0	0	0	0	0	0	0	0	0	0	0	0	1	0	0	0	0	0	0	0	0	0	0	0	0	0	1	1	1	0	0	0	0	0	0	0	1	0	0
ERR731404	typhi	91.697	3.1.1	strong	-	-	-	-	1 (1; 0/59); 2 (1; 0/66); 3 (1; 1/63); 3.1 (1; 75/0); 3.1.1 (1; 72/0)	R: blaTEM-1D	S	S	S	I: qnrS1	S	R: dfrA14;sul2	R: sul2	R: dfrA14	R: tetA	0	0	0	0	1	0	0	0	0	0	0	0	0	0	0	0	0	0	0	0	0	0	0	0	0	0	0	0	0	0	0	0	1	0	0	0	0	0	0	0	0	1	0	0	0	0	0	1	0	0	0	1	0	0	0	1	0	0	0
ERR731405	typhi	91.697	3.1.1	strong	-	-	-	-	1 (1; 0/55); 2 (1; 0/79); 3 (1; 0/73); 3.1 (1; 72/0); 3.1.1 (1; 53/0)	R: blaTEM-1D	S	S	S	S	R: catA1	R: dfrA15;sul1	R: sul1	R: dfrA15	R: tetB	1	1	1	0	0	0	0	0	0	0	0	0	0	0	0	0	0	0	0	0	0	0	0	0	0	0	0	0	0	0	0	0	1	0	0	0	0	0	0	0	0	0	0	0	1	0	1	0	0	0	0	0	1	0	0	0	1	0	0
ERR731406	typhi	91.697	0.0.1	strong	-	-	-	-	0.0.1 (1; 50/6)	S	S	S	S	S	S	S	S	S	S	0	0	0	0	0	0	0	0	0	0	0	0	0	0	0	0	0	0	0	0	0	0	0	0	0	0	0	0	0	0	0	0	0	0	0	0	0	0	0	0	0	0	0	0	0	0	0	0	0	0	0	0	0	0	0	0	0	0	0
ERR731407	typhi	91.733	3.1.1	strong	-	-	-	-	1 (1; 0/84); 2 (1; 0/67); 3 (1; 1/60); 3.1 (1; 70/0); 3.1.1 (1; 58/0)	S	S	S	S	S	R: catA1	R: dfrA15;sul1	R: sul1	R: dfrA15	S	0	0	0	0	0	0	0	0	0	0	0	0	0	0	0	0	0	0	0	0	0	0	0	0	0	0	0	0	0	0	0	0	0	0	0	0	0	0	0	0	0	0	0	0	1	0	1	0	0	0	0	0	1	0	0	0	0	0	0
ERR731408	typhi	91.478	4.1	strong	-	-	-	-	1 (1; 0/69); 2 (1; 0/67); 3 (1; 0/68); 4 (1; 50/0); 4.1 (1; 52/0)	S	S	S	S	S	S	S	S	S	S	0	0	0	0	0	0	0	0	0	0	0	0	0	0	0	0	0	0	0	0	0	0	0	0	0	0	0	0	0	0	0	0	0	0	0	0	0	0	0	0	0	0	0	0	0	0	0	0	0	0	0	0	0	0	0	0	0	0	0
ERR731409	typhi	91.478	4.1	strong	-	-	-	-	1 (1; 0/70); 2 (1; 1/67); 3 (1; 0/83); 4 (1; 60/2); 4.1 (1; 63/0)	S	S	S	S	S	S	S	S	S	S	0	0	0	0	0	0	0	0	0	0	0	0	0	0	0	0	0	0	0	0	0	0	0	0	0	0	0	0	0	0	0	0	0	0	0	0	0	0	0	0	0	0	0	0	0	0	0	0	0	0	0	0	0	0	0	0	0	0	0
ERR731410	typhi	91.724	3.1.1	strong	-	-	-	-	1 (1; 1/51); 2 (1; 0/63); 3 (1; 0/55); 3.1 (1; 59/1); 3.1.1 (1; 62/0)	R: blaTEM-1D	S	S	S	S	R: catA1	R: dfrA15;sul1	R: sul1	R: dfrA15	R: tetB	1	1	1	0	0	0	0	0	0	0	0	0	0	0	0	0	0	0	0	0	0	0	0	0	0	0	0	0	0	0	0	0	1	0	0	0	0	0	0	0	0	0	0	0	1	0	1	0	0	0	0	0	1	0	0	0	1	0	0
ERR731413	typhi	91.697	3.1.1	strong	-	-	-	-	1 (1; 0/50); 2 (1; 0/59); 3 (1; 1/53); 3.1 (1; 60/1); 3.1.1 (1; 61/0)	R: blaTEM-1D	S	S	S	S	R: catA1	R: dfrA15;sul1	R: sul1	R: dfrA15	R: tetB	1	1	1	0	0	0	0	0	0	0	0	0	0	0	0	0	0	0	0	0	0	0	0	0	0	0	0	0	0	0	0	0	1	0	0	0	0	0	0	0	0	0	0	0	1	0	1	0	0	0	0	0	1	0	0	0	1	0	0
ERR731414	typhi	91.703	3.1.1	strong	-	-	-	-	1 (1; 0/50); 2 (1; 0/51); 3 (1; 0/52); 3.1 (1; 68/0); 3.1.1 (1; 60/1)	R: blaTEM-1D	S	S	S	S	R: catA1	R: dfrA15;sul1	R: sul1	R: dfrA15	R: tetB	1	1	1	0	0	0	0	0	0	0	0	0	0	0	0	0	0	0	0	0	0	0	0	0	0	0	0	0	0	0	0	0	1	0	0	0	0	0	0	0	0	0	0	0	1	0	1	0	0	0	0	0	1	0	0	0	1	0	0
ERR731415	typhi	91.697	2.2	strong	-	-	-	-	1 (1; 0/53); 2 (1; 0/55); 2.2 (1; 67/0)	S	S	S	S	S	S	S	S	S	S	0	0	0	0	0	0	0	0	0	0	0	0	0	0	0	0	0	0	0	0	0	0	0	0	0	0	0	0	0	0	0	0	0	0	0	0	0	0	0	0	0	0	0	0	0	0	0	0	0	0	0	0	0	0	0	0	0	0	0
ERR731416	typhi	91.722	2.1	strong	-	-	-	-	1 (1; 0/74); 2 (1; 0/65); 2.1 (1; 56/0)	S	S	S	S	S	S	S	S	S	S	0	0	0	0	0	0	0	0	0	0	0	0	0	0	0	0	0	0	0	0	0	0	0	0	0	0	0	0	0	0	0	0	0	0	0	0	0	0	0	0	0	0	0	0	0	0	0	0	0	0	0	0	0	0	0	0	0	0	0
ERR731418	typhi	91.697	3.1.1	strong	-	-	-	-	1 (1; 0/55); 2 (1; 0/78); 3 (1; 0/56); 3.1 (1; 60/0); 3.1.1 (1; 61/0)	R: blaTEM-1D	S	S	S	S	R: catA1	R: dfrA15;sul1	R: sul1	R: dfrA15	R: tetB	1	1	1	0	0	0	0	0	0	0	0	0	0	0	0	0	0	0	0	0	0	0	0	0	0	0	0	0	0	0	0	0	1	0	0	0	0	0	0	0	0	0	0	0	1	0	1	0	0	0	0	0	1	0	0	0	1	0	0
ERR731419	typhi	91.697	2.2	strong	-	-	-	-	1 (1; 0/58); 2 (1; 0/84); 2.2 (1; 62/0)	S	S	S	S	S	S	S	S	S	S	0	0	0	0	0	0	0	0	0	0	0	0	0	0	0	0	0	0	0	0	0	0	0	0	0	0	0	0	0	0	0	0	0	0	0	0	0	0	0	0	0	0	0	0	0	0	0	0	0	0	0	0	0	0	0	0	0	0	0
ERR731421	typhi	91.697	3.1.1	strong	-	-	-	-	1 (1; 0/68); 2 (1; 0/64); 3 (1; 0/50); 3.1 (1; 50/0); 3.1.1 (1; 47/0)	R: blaTEM-1D	S	S	S	S	R: catA1	R: dfrA15;sul1	R: sul1	R: dfrA15	R: tetB	1	1	1	0	0	0	0	0	0	0	0	0	0	0	0	0	0	0	0	0	0	0	0	0	0	0	0	0	0	0	0	0	1	0	0	0	0	0	0	0	0	0	0	0	1	0	1	0	0	0	0	0	1	0	0	0	1	0	0
ERR731422	typhi	91.697	3.1.1	strong	-	-	-	-	1 (1; 0/50); 2 (1; 0/54); 3 (1; 0/49); 3.1 (1; 54/0); 3.1.1 (1; 48/0)	R: blaTEM-1D	S	S	S	S	R: catA1	R: dfrA15;sul1	R: sul1	R: dfrA15	R: tetB	1	1	1	0	0	0	0	0	0	0	0	0	0	0	0	0	0	0	0	0	0	0	0	0	0	0	0	0	0	0	0	0	1	0	0	0	0	0	0	0	0	0	0	0	1	0	1	0	0	0	0	0	1	0	0	0	1	0	0
ERR731424	typhi	91.697	3.1.1	strong	-	-	-	-	1 (1; 0/60); 2 (1; 0/50); 3 (1; 0/56); 3.1 (1; 65/0); 3.1.1 (1; 48/0)	R: blaTEM-1D	S	S	S	S	R: catA1	R: dfrA15;sul1	R: sul1	R: dfrA15	R: tetB	1	1	1	0	0	0	0	0	0	0	0	0	0	0	0	0	0	0	0	0	0	0	0	0	0	0	0	0	0	0	0	0	1	0	0	0	0	0	0	0	0	0	0	0	1	0	1	0	0	0	0	0	1	0	0	0	1	0	0
ERR731426	typhi	91.864	3.1.1	strong	-	-	-	-	1 (1; 0/54); 2 (1; 0/47); 3 (1; 0/71); 3.1 (1; 59/0); 3.1.1 (1; 49/0)	R: blaTEM-1D	S	S	S	S	R: catA1	R: dfrA15;sul1	R: sul1	R: dfrA15	R: tetB	1	1	1	0	0	0	0	0	0	0	0	0	0	0	0	0	0	0	0	0	0	0	0	0	0	0	0	0	0	0	0	0	1	0	0	0	0	0	0	0	0	0	0	0	1	0	1	0	0	0	0	0	1	0	0	0	1	0	0
ERR731427	typhi	91.722	2.3.1	strong	-	-	-	-	1 (1; 1/58); 2 (1; 0/67); 2.2 (1; 56/0); 2.3 (1; 58/0); 2.3.2 (1; 56/0); 2.3.1 (1; 56/0)	S	S	S	S	S	S	S	S	S	S	0	0	0	0	0	0	0	0	0	0	0	0	0	0	0	0	0	0	0	0	0	0	0	0	0	0	0	0	0	0	0	0	0	0	0	0	0	0	0	0	0	0	0	0	0	0	0	0	0	0	0	0	0	0	0	0	0	0	0
ERR731429	typhi	91.697	3.1.1	strong	-	-	-	-	1 (1; 0/60); 2 (1; 0/63); 3 (1; 0/42); 3.1 (1; 64/0); 3.1.1 (1; 57/0)	R: blaTEM-1D	S	S	S	S	R: catA1	R: dfrA15;sul1	R: sul1	R: dfrA15	R: tetB	1	1	1	0	0	0	0	0	0	0	0	0	0	0	0	0	0	0	0	0	0	0	0	0	0	0	0	0	0	0	0	0	1	0	0	0	0	0	0	0	0	0	0	0	1	0	1	0	0	0	0	0	1	0	0	0	1	0	0
ERR731430	typhi	91.697	3.1.1	strong	-	-	-	-	1 (1; 0/42); 2 (1; 0/62); 3 (1; 0/50); 3.1 (1; 64/0); 3.1.1 (1; 59/0)	S	S	S	S	S	R: catA1	R: dfrA15;sul1	R: sul1	R: dfrA15	S	0	0	0	0	0	0	0	0	0	0	0	0	0	0	0	0	0	0	0	0	0	0	0	0	0	0	0	0	0	0	0	0	0	0	0	0	0	0	0	0	0	0	0	0	1	0	1	0	0	0	0	0	1	0	0	0	0	0	0
ERR731432	typhi	91.503	4.1	strong	-	-	-	-	1 (1; 0/53); 2 (1; 0/69); 3 (1; 0/50); 4 (1; 71/0); 4.1 (1; 65/0)	S	S	S	S	S	S	S	S	S	S	0	0	0	0	0	0	0	0	0	0	0	0	0	0	0	0	0	0	0	0	0	0	0	0	0	0	0	0	0	0	0	0	0	0	0	0	0	0	0	0	0	0	0	0	0	0	0	0	0	0	0	0	0	0	0	0	0	0	0
ERR731433	typhi	91.697	3.1.1	strong	-	-	-	-	1 (1; 0/51); 2 (1; 0/71); 3 (1; 0/65); 3.1 (1; 72/0); 3.1.1 (1; 60/0)	R: blaTEM-1D	S	S	S	S	R: catA1	R: dfrA15;sul1	R: sul1	R: dfrA15	R: tetB	1	1	1	0	0	0	0	0	0	0	0	0	0	0	0	0	0	0	0	0	0	0	0	0	0	0	0	0	0	0	0	0	1	0	0	0	0	0	0	0	0	0	0	0	1	0	1	0	0	0	0	0	1	0	0	0	1	0	0
ERR731434	typhi	91.697	2.1	strong	-	-	-	-	1 (1; 0/66); 2 (1; 0/76); 2.1 (1; 67/0)	S	S	S	S	S	S	S	S	S	S	0	0	0	0	0	0	0	0	0	0	0	0	0	0	0	0	0	0	0	0	0	0	0	0	0	0	0	0	0	0	0	0	0	0	0	0	0	0	0	0	0	0	0	0	0	0	0	0	0	0	0	0	0	0	0	0	0	0	0
ERR731435	typhi	91.702	2.3.1	strong	-	-	-	-	1 (1; 0/56); 2 (1; 0/76); 2.2 (1; 77/0); 2.3 (1; 62/0); 2.3.2 (1; 56/0); 2.3.1 (1; 65/0)	R: blaTEM-1D	S	S	S	S	S	R: dfrA1;sul1	R: sul1	R: dfrA1	R: tetB	1	1	1	0	0	0	0	0	0	0	0	0	0	0	0	0	0	0	0	0	0	0	0	0	0	0	0	0	0	0	0	0	1	0	0	0	0	0	0	0	0	0	0	0	0	0	1	0	1	0	0	0	0	0	0	0	1	0	0
ERR731436	typhi	91.725	3.1.1	strong	-	-	-	-	1 (1; 0/62); 2 (1; 0/76); 3 (1; 0/63); 3.1 (1; 75/0); 3.1.1 (1; 70/0)	R: blaTEM-1D	S	S	S	S	R: catA1	R: dfrA15;sul1	R: sul1	R: dfrA15	R: tetB	1	1	1	0	0	0	0	0	0	0	0	0	0	0	0	0	0	0	0	0	0	0	0	0	0	0	0	0	0	0	0	0	1	0	0	0	0	0	0	0	0	0	0	0	1	0	1	0	0	0	0	0	1	0	0	0	1	0	0
ERR731438	typhi	91.709	3.1.1	strong	-	-	-	-	1 (1; 0/57); 2 (1; 0/48); 3 (1; 0/55); 3.1 (1; 70/0); 3.1.1 (1; 58/0)	S	S	S	S	S	R: catA1	R: dfrA15;sul1	R: sul1	R: dfrA15	S	0	0	0	0	0	0	0	0	0	0	0	0	0	0	0	0	0	0	0	0	0	0	0	0	0	0	0	0	0	0	0	0	0	0	0	0	0	0	0	0	0	0	0	0	1	0	1	0	0	0	0	0	1	0	0	0	0	0	0
