Node	Total SNPs	Number of SNPs Inside Recombinations	Number of SNPs Outside Recombinations	Number of Recombination Blocks	Bases in Recombinations	Cumulative Bases in Recombinations	r/m	rho/theta	Genome Length	Bases in Clonal Frame
ERR573926	0	0	0	0	0	6790	0.000000	0.000000	4752807	4746015
ERR573932	0	0	0	0	0	6223	0.000000	0.000000	4765579	4759354
ERR573934	0	0	0	0	0	6790	0.000000	0.000000	4752516	4745724
ERR573938	2	0	2	0	0	6223	0.000000	0.000000	4759117	4752892
ERR573941	1	0	1	0	0	96	0.000000	0.000000	4764855	4764755
ERR573942	0	0	0	0	0	96	0.000000	0.000000	4766584	4766484
ERR573943	8	3	5	1	6205	6223	0.600000	0.200000	4764081	4757856
ERR573944	1	0	1	0	0	6223	0.000000	0.000000	4764990	4758765
ERR573945	2	0	2	0	0	6195	0.000000	0.000000	4751295	4745099
ERR573947	1	0	1	0	0	6223	0.000000	0.000000	4763221	4756996
ERR573948	6	0	6	0	0	6223	0.000000	0.000000	4763351	4757126
ERR573949	1	0	1	0	0	6223	0.000000	0.000000	4763262	4757037
ERR573950	7	0	7	0	0	6223	0.000000	0.000000	4766542	4760317
ERR573952	5	3	2	1	6205	6223	1.500000	0.500000	4766129	4759904
ERR573954	2	0	2	0	0	6223	0.000000	0.000000	4765525	4759300
ERR573955	2	0	2	0	0	6223	0.000000	0.000000	4764950	4758725
ERR573956	0	0	0	0	0	6223	0.000000	0.000000	4766821	4760596
ERR573957	0	0	0	0	0	6223	0.000000	0.000000	4765898	4759673
ERR573959	3	0	3	0	0	6223	0.000000	0.000000	4764537	4758312
ERR573960	3	0	3	0	0	6223	0.000000	0.000000	4761282	4755057
ERR573961	0	0	0	0	0	6790	0.000000	0.000000	4752948	4746156
ERR573962	104	13	91	1	1661	1661	0.142857	0.010989	4764606	4762944
ERR573964	0	0	0	0	0	6790	0.000000	0.000000	4753008	4746216
ERR573966	2	0	2	0	0	6223	0.000000	0.000000	4766374	4760149
ERR573968	2	0	2	0	0	6195	0.000000	0.000000	4754263	4748067
ERR573969	3	0	3	0	0	6223	0.000000	0.000000	4766109	4759884
ERR573971	7	5	2	1	6205	6223	2.500000	0.500000	4764734	4758509
ERR573972	0	0	0	0	0	6790	0.000000	0.000000	4752790	4745998
ERR573973	5	0	5	0	0	6223	0.000000	0.000000	4766305	4760080
ERR657370	8	0	8	0	0	6223	0.000000	0.000000	4765974	4759749
ERR657371	0	0	0	0	0	6223	0.000000	0.000000	4766210	4759985
ERR657372	0	0	0	0	0	11	0.000000	0.000000	4765173	4765161
ERR657373	2	0	2	0	0	6223	0.000000	0.000000	4764945	4758720
ERR657374	0	0	0	0	0	6223	0.000000	0.000000	4765097	4758872
ERR657375	0	0	0	0	0	96	0.000000	0.000000	4766855	4766755
ERR657377	12	0	12	0	0	6204	0.000000	0.000000	4765690	4759485
ERR657378	11	0	11	0	0	6223	0.000000	0.000000	4764718	4758493
ERR657379	0	0	0	0	0	11	0.000000	0.000000	4765195	4765183
ERR657381	36	0	36	0	0	11	0.000000	0.000000	4765326	4765314
ERR657382	0	0	0	0	0	11	0.000000	0.000000	4765187	4765175
ERR657383	3	0	3	0	0	96	0.000000	0.000000	4766706	4766606
ERR657385	3	3	0	1	6204	6204	0.000000	0.000000	4769018	4762813
ERR657389	0	0	0	0	0	11	0.000000	0.000000	4765014	4765002
ERR657390	0	0	0	0	0	0	0.000000	0.000000	4752197	4752197
ERR657393	3	0	3	0	0	6223	0.000000	0.000000	4766049	4759824
ERR657394	1	0	1	0	0	6223	0.000000	0.000000	4766197	4759972
ERR657396	9	0	9	0	0	6223	0.000000	0.000000	4766300	4760075
ERR657397	10	0	10	0	0	6223	0.000000	0.000000	4765217	4758992
ERR657401	1	0	1	0	0	6223	0.000000	0.000000	4764875	4758650
ERR657403	6	0	6	0	0	6223	0.000000	0.000000	4765032	4758807
ERR657407	0	0	0	0	0	6223	0.000000	0.000000	4765991	4759766
ERR657408	1	0	1	0	0	6223	0.000000	0.000000	4764868	4758643
ERR657410	0	0	0	0	0	6223	0.000000	0.000000	4765837	4759612
ERR657412	5	0	5	0	0	6223	0.000000	0.000000	4765943	4759718
ERR657413	1	0	1	0	0	6223	0.000000	0.000000	4765954	4759729
ERR657414	0	0	0	0	0	6223	0.000000	0.000000	4766104	4759879
ERR657415	0	0	0	0	0	6223	0.000000	0.000000	4766115	4759890
ERR657417	4	0	4	0	0	6223	0.000000	0.000000	4761320	4755095
ERR657419	0	0	0	0	0	6223	0.000000	0.000000	4765985	4759760
ERR657420	50	0	50	0	0	48	0.000000	0.000000	4765656	4765606
ERR657421	0	0	0	0	0	6223	0.000000	0.000000	4765838	4759613
ERR657422	0	0	0	0	0	6223	0.000000	0.000000	4765967	4759742
ERR657423	3	0	3	0	0	11	0.000000	0.000000	4765072	4765060
ERR657424	2	0	2	0	0	6223	0.000000	0.000000	4764907	4758682
ERR657425	2	0	2	0	0	96	0.000000	0.000000	4766660	4766560
ERR657426	0	0	0	0	0	6223	0.000000	0.000000	4765905	4759680
ERR657427	2	0	2	0	0	96	0.000000	0.000000	4766809	4766709
ERR657428	0	0	0	0	0	6223	0.000000	0.000000	4765928	4759703
ERR657429	1	0	1	0	0	6223	0.000000	0.000000	4766017	4759792
ERR657432	5	0	5	0	0	96	0.000000	0.000000	4766784	4766684
ERR657433	0	0	0	0	0	6223	0.000000	0.000000	4765674	4759449
ERR657434	0	0	0	0	0	11	0.000000	0.000000	4764512	4764500
ERR657435	5	0	5	0	0	6223	0.000000	0.000000	4763801	4757576
ERR657437	2	0	2	0	0	11	0.000000	0.000000	4763467	4763455
ERR657439	3	0	3	0	0	96	0.000000	0.000000	4763730	4763630
ERR657442	0	0	0	0	0	11	0.000000	0.000000	4764378	4764366
ERR657444	4	0	4	0	0	11	0.000000	0.000000	4765465	4765453
ERR657446	1	0	1	0	0	96	0.000000	0.000000	4766580	4766480
ERR657447	3	0	3	0	0	6223	0.000000	0.000000	4766376	4760151
ERR657448	0	0	0	0	0	6223	0.000000	0.000000	4765894	4759669
ERR657449	14	0	14	0	0	6223	0.000000	0.000000	4765178	4758953
ERR657451	54	4	50	1	11	1482	0.080000	0.020000	4755058	4755046
ERR657452	2	0	2	0	0	96	0.000000	0.000000	4765408	4765308
ERR657453	2	0	2	0	0	0	0.000000	0.000000	4752607	4752607
ERR657454	1	0	1	0	0	6223	0.000000	0.000000	4766538	4760313
ERR731345	6	0	6	0	0	6204	0.000000	0.000000	4765653	4759448
ERR731346	0	0	0	0	0	6223	0.000000	0.000000	4766173	4759948
ERR731350	0	0	0	0	0	6223	0.000000	0.000000	4766265	4760040
ERR731351	0	0	0	0	0	6223	0.000000	0.000000	4766268	4760043
ERR731352	1	0	1	0	0	6223	0.000000	0.000000	4766247	4760022
ERR731355	1	0	1	0	0	6223	0.000000	0.000000	4766309	4760084
ERR731356	6	0	6	0	0	6223	0.000000	0.000000	4766360	4760135
ERR731357	2	0	2	0	0	96	0.000000	0.000000	4767210	4767110
ERR731358	37	0	37	0	0	14141	0.000000	0.000000	4645359	4631217
ERR731359	12	0	12	0	0	6223	0.000000	0.000000	4765228	4759003
ERR731360	0	0	0	0	0	6790	0.000000	0.000000	4752691	4745899
ERR731361	0	0	0	0	0	6195	0.000000	0.000000	4754405	4748209
ERR731363	3	0	3	0	0	6223	0.000000	0.000000	4766367	4760142
ERR731364	0	0	0	0	0	6223	0.000000	0.000000	4766399	4760174
ERR731365	1	0	1	0	0	6223	0.000000	0.000000	4765379	4759154
ERR731366	0	0	0	0	0	6223	0.000000	0.000000	4766300	4760075
ERR731367	18	0	18	0	0	6195	0.000000	0.000000	4763134	4756938
ERR731368	0	0	0	0	0	6790	0.000000	0.000000	4752628	4745836
ERR731369	90	0	90	0	0	11	0.000000	0.000000	4761564	4761552
ERR731370	3	0	3	0	0	6223	0.000000	0.000000	4766122	4759897
ERR731371	109	3	106	1	11	19	0.028302	0.009434	4751081	4751069
ERR731372	3	0	3	0	0	96	0.000000	0.000000	4767407	4767307
ERR731373	0	0	0	0	0	6223	0.000000	0.000000	4764098	4757873
ERR731374	0	0	0	0	0	6223	0.000000	0.000000	4766406	4760181
ERR731375	1	0	1	0	0	6223	0.000000	0.000000	4766372	4760147
ERR731378	0	0	0	0	0	6223	0.000000	0.000000	4766516	4760291
ERR731379	8	0	8	0	0	6223	0.000000	0.000000	4766606	4760381
ERR731380	12	0	12	0	0	6223	0.000000	0.000000	4766359	4760134
ERR731382	0	0	0	0	0	6223	0.000000	0.000000	4766223	4759998
ERR731384	0	0	0	0	0	6195	0.000000	0.000000	4754408	4748212
ERR731386	3	0	3	0	0	6223	0.000000	0.000000	4766249	4760024
ERR731387	7	0	7	0	0	6223	0.000000	0.000000	4766329	4760104
ERR731388	0	0	0	0	0	6223	0.000000	0.000000	4766883	4760658
ERR731389	1	0	1	0	0	96	0.000000	0.000000	4766934	4766834
ERR731390	0	0	0	0	0	6223	0.000000	0.000000	4766302	4760077
ERR731391	0	0	0	0	0	6223	0.000000	0.000000	4765237	4759012
ERR731392	13	0	13	0	0	6223	0.000000	0.000000	4766295	4760070
ERR731393	401	246	155	1	11	20488	1.587097	0.006452	4765174	4765124
ERR731394	3	0	3	0	0	6223	0.000000	0.000000	4766154	4759929
ERR731395	0	0	0	0	0	96	0.000000	0.000000	4766833	4766733
ERR731396	5	0	5	0	0	6223	0.000000	0.000000	4765146	4758921
ERR731397	0	0	0	0	0	6223	0.000000	0.000000	4766127	4759902
ERR731398	22	0	22	0	0	6223	0.000000	0.000000	4766187	4759962
ERR731399	0	0	0	0	0	6223	0.000000	0.000000	4765199	4758974
ERR731401	0	0	0	0	0	6790	0.000000	0.000000	4765559	4758767
ERR731403	2	0	2	0	0	96	0.000000	0.000000	4766661	4766561
ERR731404	2	0	2	0	0	6223	0.000000	0.000000	4766263	4760038
ERR731405	11	0	11	0	0	6223	0.000000	0.000000	4766204	4759979
ERR731406	3	0	3	0	0	14141	0.000000	0.000000	4750738	4736596
ERR731407	0	0	0	0	0	6223	0.000000	0.000000	4765016	4758791
ERR731408	1	0	1	0	0	6195	0.000000	0.000000	4754266	4748070
ERR731409	0	0	0	0	0	6195	0.000000	0.000000	4754359	4748163
ERR731410	0	0	0	0	0	6223	0.000000	0.000000	4766226	4760001
ERR731413	2	0	2	0	0	6223	0.000000	0.000000	4766184	4759959
ERR731414	0	0	0	0	0	6223	0.000000	0.000000	4765850	4759625
ERR731415	28	0	28	0	0	11	0.000000	0.000000	4760049	4760037
ERR731416	23	0	23	0	0	0	0.000000	0.000000	4752346	4752346
ERR731418	0	0	0	0	0	6223	0.000000	0.000000	4765906	4759681
ERR731419	2	0	2	0	0	11	0.000000	0.000000	4765138	4765126
ERR731421	0	0	0	0	0	6223	0.000000	0.000000	4765761	4759536
ERR731422	0	0	0	0	0	6223	0.000000	0.000000	4765788	4759563
ERR731424	6	0	6	0	0	6223	0.000000	0.000000	4765968	4759743
ERR731426	0	0	0	0	0	6223	0.000000	0.000000	4766119	4759894
ERR731427	4	0	4	0	0	96	0.000000	0.000000	4766955	4766855
ERR731429	0	0	0	0	0	6223	0.000000	0.000000	4766059	4759834
ERR731430	0	0	0	0	0	6223	0.000000	0.000000	4764840	4758615
ERR731432	0	0	0	0	0	6195	0.000000	0.000000	4754158	4747962
ERR731433	6	0	6	0	0	6223	0.000000	0.000000	4766131	4759906
ERR731434	10	0	10	0	0	0	0.000000	0.000000	4751391	4751391
ERR731435	2	0	2	0	0	96	0.000000	0.000000	4766871	4766771
ERR731436	0	0	0	0	0	6223	0.000000	0.000000	4766288	4760063
ERR731438	0	0	0	0	0	6223	0.000000	0.000000	4764804	4758579
Reference	472	275	197	4	6328	6415	1.395939	0.020305	4809037	4807375
Node_1	19	0	19	0	0	0	0.000000	0.000000	4752823	4752823
Node_2	0	0	0	0	0	0	0.000000	0.000000	4753117	4753117
Node_3	195	0	195	0	0	0	0.000000	0.000000	4753165	4753165
Node_4	40	0	40	0	0	11	0.000000	0.000000	4760814	4760802
Node_5	2	0	2	0	0	11	0.000000	0.000000	4765543	4765531
Node_6	0	0	0	0	0	11	0.000000	0.000000	4765375	4765363
Node_7	3	0	3	0	0	11	0.000000	0.000000	4765698	4765686
Node_8	0	0	0	0	0	11	0.000000	0.000000	4765812	4765800
Node_9	1	0	1	0	0	11	0.000000	0.000000	4765942	4765930
Node_10	1	0	1	0	0	11	0.000000	0.000000	4765365	4765353
Node_11	0	0	0	0	0	11	0.000000	0.000000	4765888	4765876
Node_12	0	0	0	0	0	11	0.000000	0.000000	4766022	4766010
Node_13	36	0	36	0	0	11	0.000000	0.000000	4766203	4766191
Node_14	40	0	40	0	0	11	0.000000	0.000000	4766248	4766236
Node_15	0	0	0	0	0	11	0.000000	0.000000	4766296	4766284
Node_16	38	0	38	0	0	11	0.000000	0.000000	4766333	4766321
Node_17	58	0	58	0	0	11	0.000000	0.000000	4766412	4766400
Node_18	2	0	2	0	0	96	0.000000	0.000000	4767341	4767241
Node_19	0	0	0	0	0	96	0.000000	0.000000	4766077	4765977
Node_20	3	0	3	0	0	96	0.000000	0.000000	4767183	4767083
Node_21	3	0	3	0	0	96	0.000000	0.000000	4767119	4767019
Node_22	0	0	0	0	0	96	0.000000	0.000000	4767414	4767314
Node_23	0	0	0	0	0	96	0.000000	0.000000	4767533	4767433
Node_24	0	0	0	0	0	96	0.000000	0.000000	4767317	4767217
Node_25	0	0	0	0	0	96	0.000000	0.000000	4767447	4767347
Node_26	0	0	0	0	0	96	0.000000	0.000000	4767687	4767587
Node_27	3	0	3	0	0	96	0.000000	0.000000	4767748	4767648
Node_28	6	0	6	0	0	96	0.000000	0.000000	4767804	4767704
Node_29	0	0	0	0	0	96	0.000000	0.000000	4767617	4767517
Node_30	11	0	11	0	0	96	0.000000	0.000000	4767696	4767596
Node_31	10	0	10	0	0	96	0.000000	0.000000	4767925	4767825
Node_32	0	0	0	0	0	96	0.000000	0.000000	4769584	4769484
Node_33	64	6	58	2	48	96	0.103448	0.034483	4769663	4769613
Node_34	40	0	40	0	0	48	0.000000	0.000000	4769663	4769613
Node_35	29	3	26	1	11	48	0.115385	0.038462	4769663	4769651
Node_36	48	3	45	1	11	11	0.066667	0.022222	4769794	4769794
Node_37	0	0	0	0	0	6195	0.000000	0.000000	4756813	4750617
Node_38	0	0	0	0	0	6195	0.000000	0.000000	4754760	4748564
Node_39	0	0	0	0	0	6195	0.000000	0.000000	4754915	4748719
Node_40	0	0	0	0	0	6195	0.000000	0.000000	4754973	4748777
Node_41	8	0	8	0	0	6195	0.000000	0.000000	4757019	4750823
Node_42	11	0	11	0	0	6195	0.000000	0.000000	4757081	4750885
Node_43	243	196	47	1	1661	6195	4.170213	0.021277	4766126	4764464
Node_44	80	0	80	0	0	1661	0.000000	0.000000	4770914	4769252
Node_45	5	0	5	0	0	6223	0.000000	0.000000	4765349	4759124
Node_46	0	0	0	0	0	6223	0.000000	0.000000	4765543	4759318
Node_47	0	0	0	0	0	6223	0.000000	0.000000	4765670	4759445
Node_48	0	0	0	0	0	6223	0.000000	0.000000	4765801	4759576
Node_49	13	0	13	0	0	6223	0.000000	0.000000	4765840	4759615
Node_50	0	0	0	0	0	6223	0.000000	0.000000	4765942	4759717
Node_51	4	0	4	0	0	6223	0.000000	0.000000	4768039	4761814
Node_52	13	0	13	0	0	6223	0.000000	0.000000	4767876	4761651
Node_53	0	0	0	0	0	6223	0.000000	0.000000	4766988	4760763
Node_54	0	0	0	0	0	6223	0.000000	0.000000	4767153	4760928
Node_55	0	0	0	0	0	6223	0.000000	0.000000	4766446	4760221
Node_56	0	0	0	0	0	6223	0.000000	0.000000	4766694	4760469
Node_57	0	0	0	0	0	6223	0.000000	0.000000	4767251	4761026
Node_58	0	0	0	0	0	6223	0.000000	0.000000	4766745	4760520
Node_59	0	0	0	0	0	6223	0.000000	0.000000	4766522	4760297
Node_60	0	0	0	0	0	6223	0.000000	0.000000	4766756	4760531
Node_61	0	0	0	0	0	6223	0.000000	0.000000	4766948	4760723
Node_62	0	0	0	0	0	6223	0.000000	0.000000	4767072	4760847
Node_63	0	0	0	0	0	6223	0.000000	0.000000	4767360	4761135
Node_64	10	0	10	0	0	6223	0.000000	0.000000	4767383	4761158
Node_65	1	0	1	0	0	6223	0.000000	0.000000	4767402	4761177
Node_66	2	0	2	0	0	6223	0.000000	0.000000	4768572	4762347
Node_67	7	0	7	0	0	6223	0.000000	0.000000	4766988	4760763
Node_68	0	0	0	0	0	6223	0.000000	0.000000	4765477	4759252
Node_69	2	0	2	0	0	6223	0.000000	0.000000	4765636	4759411
Node_70	4	0	4	0	0	6223	0.000000	0.000000	4765688	4759463
Node_71	0	0	0	0	0	6223	0.000000	0.000000	4767283	4761058
Node_72	1	0	1	0	0	6223	0.000000	0.000000	4768876	4762651
Node_73	6	0	6	0	0	6223	0.000000	0.000000	4766837	4760612
Node_74	2	0	2	0	0	6223	0.000000	0.000000	4767954	4761729
Node_75	0	0	0	0	0	6223	0.000000	0.000000	4767641	4761416
Node_76	0	0	0	0	0	6223	0.000000	0.000000	4767178	4760953
Node_77	0	0	0	0	0	6223	0.000000	0.000000	4767689	4761464
Node_78	3	0	3	0	0	6223	0.000000	0.000000	4768733	4762508
Node_79	0	0	0	0	0	6223	0.000000	0.000000	4768815	4762590
Node_80	1	0	1	0	0	6223	0.000000	0.000000	4769066	4762841
Node_81	0	0	0	0	0	6223	0.000000	0.000000	4769202	4762977
Node_82	5	0	5	0	0	6223	0.000000	0.000000	4767581	4761356
Node_83	6	0	6	0	0	6223	0.000000	0.000000	4766479	4760254
Node_84	1	0	1	0	0	6223	0.000000	0.000000	4768787	4762562
Node_85	0	0	0	0	0	6223	0.000000	0.000000	4769051	4762826
Node_86	0	0	0	0	0	6223	0.000000	0.000000	4769323	4763098
Node_87	0	0	0	0	0	6223	0.000000	0.000000	4769352	4763127
Node_88	0	0	0	0	0	6223	0.000000	0.000000	4766596	4760371
Node_89	0	0	0	0	0	6223	0.000000	0.000000	4766783	4760558
Node_90	13	0	13	0	0	6223	0.000000	0.000000	4766961	4760736
Node_91	1	0	1	0	0	6223	0.000000	0.000000	4769378	4763153
Node_92	0	0	0	0	0	6223	0.000000	0.000000	4769549	4763324
Node_93	0	0	0	0	0	6223	0.000000	0.000000	4769550	4763325
Node_94	0	0	0	0	0	6223	0.000000	0.000000	4769550	4763325
Node_95	0	0	0	0	0	6223	0.000000	0.000000	4769552	4763327
Node_96	6	0	6	0	0	6223	0.000000	0.000000	4767912	4761687
Node_97	0	0	0	0	0	6223	0.000000	0.000000	4769597	4763372
Node_98	0	0	0	0	0	6223	0.000000	0.000000	4769733	4763508
Node_99	0	0	0	0	0	6223	0.000000	0.000000	4766900	4760675
Node_100	1	0	1	0	0	6223	0.000000	0.000000	4767042	4760817
Node_101	0	0	0	0	0	6223	0.000000	0.000000	4769734	4763509
Node_102	4	3	1	1	6205	6223	3.000000	1.000000	4769736	4763511
Node_103	0	0	0	0	0	6223	0.000000	0.000000	4769736	4763511
Node_104	2	0	2	0	0	6223	0.000000	0.000000	4768773	4762548
Node_105	0	0	0	0	0	6223	0.000000	0.000000	4769761	4763536
Node_106	0	0	0	0	0	6223	0.000000	0.000000	4769761	4763536
Node_107	0	0	0	0	0	6223	0.000000	0.000000	4769788	4763563
Node_108	0	0	0	0	0	6223	0.000000	0.000000	4766922	4760697
Node_109	1	0	1	0	0	6223	0.000000	0.000000	4766606	4760381
Node_110	0	0	0	0	0	6223	0.000000	0.000000	4766840	4760615
Node_111	0	0	0	0	0	6223	0.000000	0.000000	4766584	4760359
Node_112	0	0	0	0	0	6223	0.000000	0.000000	4766983	4760758
Node_113	4	0	4	0	0	6223	0.000000	0.000000	4767042	4760817
Node_114	0	0	0	0	0	6223	0.000000	0.000000	4767212	4760987
Node_115	0	0	0	0	0	6223	0.000000	0.000000	4766479	4760254
Node_116	2	0	2	0	0	6223	0.000000	0.000000	4766791	4760566
Node_117	0	0	0	0	0	6223	0.000000	0.000000	4767057	4760832
Node_118	0	0	0	0	0	6223	0.000000	0.000000	4767308	4761083
Node_119	1	0	1	0	0	6223	0.000000	0.000000	4767332	4761107
Node_120	0	0	0	0	0	6223	0.000000	0.000000	4769794	4763569
Node_121	0	0	0	0	0	6223	0.000000	0.000000	4766567	4760342
Node_122	0	0	0	0	0	6223	0.000000	0.000000	4766261	4760036
Node_123	13	0	13	0	0	6223	0.000000	0.000000	4766772	4760547
Node_124	0	0	0	0	0	6223	0.000000	0.000000	4769798	4763573
Node_125	0	0	0	0	0	6223	0.000000	0.000000	4769798	4763573
Node_126	0	0	0	0	0	6223	0.000000	0.000000	4769946	4763721
Node_127	0	0	0	0	0	6223	0.000000	0.000000	4769946	4763721
Node_128	3	0	3	0	0	6223	0.000000	0.000000	4766753	4760528
Node_129	1	0	1	0	0	6223	0.000000	0.000000	4766897	4760672
Node_130	5	0	5	0	0	6223	0.000000	0.000000	4767415	4761190
Node_131	0	0	0	0	0	6223	0.000000	0.000000	4768962	4762737
Node_132	0	0	0	0	0	6223	0.000000	0.000000	4766716	4760491
Node_133	0	0	0	0	0	6223	0.000000	0.000000	4767174	4760949
Node_134	0	0	0	0	0	6223	0.000000	0.000000	4768830	4762605
Node_135	0	0	0	0	0	6223	0.000000	0.000000	4768904	4762679
Node_136	0	0	0	0	0	6223	0.000000	0.000000	4769401	4763176
Node_137	4	0	4	0	0	6223	0.000000	0.000000	4769432	4763207
Node_138	0	0	0	0	0	6223	0.000000	0.000000	4770021	4763796
Node_139	3	0	3	0	0	6223	0.000000	0.000000	4771136	4764911
Node_140	285	111	174	2	6205	6223	0.637931	0.011494	4771156	4769494
Node_141	0	0	0	0	0	6204	0.000000	0.000000	4770332	4764127
Node_142	178	53	125	1	1661	6204	0.424000	0.008000	4770580	4768918
Node_143	0	0	0	0	0	1661	0.000000	0.000000	4809037	4807375
Node_144	1	0	1	0	0	1661	0.000000	0.000000	4809037	4807375
Node_145	59	20	39	1	1661	1661	0.512821	0.025641	4809037	4809037
Node_146	8	0	8	0	0	0	0.000000	0.000000	4809037	4809037
Node_147	0	0	0	0	0	0	0.000000	0.000000	4809037	4809037
Node_148	334	57	277	1	14141	14141	0.205776	0.003610	4751887	4751887
Node_149	0	0	0	0	0	6790	0.000000	0.000000	4754242	4747450
Node_150	0	0	0	0	0	6790	0.000000	0.000000	4754607	4747815
Node_151	0	0	0	0	0	6790	0.000000	0.000000	4755468	4748676
Node_152	0	0	0	0	0	6790	0.000000	0.000000	4755540	4748748
Node_153	13	0	13	0	0	6790	0.000000	0.000000	4769777	4762985
Node_154	21	0	21	0	0	6790	0.000000	0.000000	4754097	4747305
Node_155	254	20	234	2	6790	6790	0.085470	0.008547	4769876	4769876
Node_156	134	0	134	0	0	0	0.000000	0.000000	4771742	4771742
Node_157	0	0	0	0	0	0	0.000000	0.000000	4809037	4809037
