run	input_pairs	both_surviving	pct_both	dropped_pct
ERR573926	1259585	1144504	90.86	1.39
ERR573927	1305901	1025820	78.55	1.97
ERR573928	1273531	1096486	86.10	1.67
ERR573929	1201238	953549	79.38	2.09
ERR573930	1411827	1193123	84.51	1.66
ERR573931	1227147	1009570	82.27	1.92
ERR573932	1091579	892276	81.74	2.03
ERR573933	1338952	1208101	90.23	1.36
ERR573934	1136725	1040348	91.52	1.27
ERR573935	1304995	1190692	91.24	1.30
ERR573936	1150454	1071327	93.12	1.06
ERR573937	1118541	969118	86.64	1.97
ERR573938	957815	791647	82.65	1.16
ERR573939	701068	626238	89.33	1.00
ERR573940	1337552	1227042	91.74	0.85
ERR573941	649576	582711	89.71	0.98
ERR573942	974984	858823	88.09	1.02
ERR573943	792752	726132	91.60	0.84
ERR573944	885441	766467	86.56	0.99
ERR573945	705929	603139	85.44	1.17
ERR573946	677812	567315	83.70	1.24
ERR573947	813726	635391	78.08	1.28
ERR573948	859389	612417	71.26	1.40
ERR573949	856109	627213	73.26	1.30
ERR573950	1210166	1100501	90.94	1.05
ERR573951	980942	851584	86.81	1.51
ERR573952	1086079	1016402	93.58	0.88
ERR573953	1001661	909016	90.75	1.07
ERR573954	957163	841706	87.94	1.25
ERR573955	875739	730817	83.45	1.47
ERR573956	1316274	1164632	88.48	1.18
ERR573957	1108522	898431	81.05	1.48
ERR573958	966695	885068	91.56	1.05
ERR573959	1011516	689124	68.13	2.00
ERR573960	884300	812372	91.87	1.06
ERR573961	1189588	1089030	91.55	1.04
ERR573962	1106742	991096	89.55	1.86
ERR573963	1433068	1286174	89.75	1.77
ERR573964	1359919	1198507	88.13	2.06
ERR573965	1515460	1369936	90.40	1.72
ERR573966	1291381	1153642	89.33	1.86
ERR573967	1307236	1120988	85.75	2.29
ERR573968	1204378	1050061	87.19	2.12
ERR573969	1197520	1056834	88.25	1.95
ERR573970	984312	887050	90.12	1.81
ERR573971	1247485	1099591	88.14	1.99
ERR573972	1258724	1117178	88.75	1.88
ERR573973	1254111	1076662	85.85	2.17
ERR657369	2459586	2022275	82.22	5.23
ERR657370	2519931	2095887	83.17	4.93
ERR657371	2609408	2162470	82.87	5.06
ERR657372	2587513	2142771	82.81	5.08
ERR657373	2662475	2209367	82.98	4.98
ERR657374	2624604	2179627	83.05	4.97
ERR657375	2768553	2309385	83.41	4.86
ERR657376	2791983	2314144	82.89	5.07
ERR657377	2805196	2333820	83.20	4.90
ERR657378	2558473	2126373	83.11	4.95
ERR657379	2660974	2218588	83.38	4.85
ERR657380	2788220	2315668	83.05	5.01
ERR657381	2909550	2416745	83.06	4.97
ERR657382	2829996	2352136	83.11	4.95
ERR657383	2631999	2184384	82.99	5.02
ERR657384	2773366	2300882	82.96	5.03
ERR657385	2765226	2296989	83.07	4.97
ERR657386	2620936	2217708	84.62	4.50
ERR657387	2772746	2295321	82.78	5.04
ERR657388	2804429	2322676	82.82	5.06
ERR657389	2624897	2175156	82.87	5.04
ERR657390	2880562	2402786	83.41	4.84
ERR657391	2745925	2277266	82.93	5.03
ERR657392	2718609	2258528	83.08	4.91
ERR657393	2696629	2259984	83.81	4.71
ERR657394	2844643	2373030	83.42	4.83
ERR657395	2741668	2240285	81.71	5.64
ERR657396	2951520	2449809	83.00	5.00
ERR657397	2890025	2403600	83.17	4.92
ERR657398	2676476	2217779	82.86	5.06
ERR657399	2457266	2034054	82.78	5.08
ERR657400	2436364	1989078	81.64	5.04
ERR657401	2507830	2093997	83.50	4.81
ERR657402	2403276	1994616	83.00	5.00
ERR657403	2686584	2241002	83.41	4.85
ERR657404	2537457	2107102	83.04	5.02
ERR657405	2434156	2011997	82.66	5.12
ERR657406	2801548	2320565	82.83	5.10
ERR657407	2626107	2178571	82.96	5.00
ERR657408	2446640	2034602	83.16	4.95
ERR657409	2427328	2010767	82.84	4.98
ERR657410	2497139	2071463	82.95	5.01
ERR657411	2516561	2088076	82.97	4.98
ERR657412	2654962	2202659	82.96	5.01
ERR657413	2754454	2282547	82.87	5.02
ERR657414	2602205	2174942	83.58	4.77
ERR657415	2648426	2211034	83.48	4.83
ERR657416	2589613	2148007	82.95	4.96
ERR657417	2584986	2153659	83.31	4.87
ERR657418	2585601	2142332	82.86	5.02
ERR657419	2683118	2223609	82.87	5.01
ERR657420	2725655	2276963	83.54	4.80
ERR657421	2481993	2061710	83.07	4.99
ERR657422	2526284	2103271	83.26	4.89
ERR657423	2614587	2167338	82.89	5.03
ERR657424	2558513	2104926	82.27	5.07
ERR657425	2568778	2127512	82.82	4.84
ERR657426	2650031	2211188	83.44	4.86
ERR657427	2685174	2242596	83.52	4.81
ERR657428	2477790	2064543	83.32	4.89
ERR657429	2514901	2090444	83.12	4.92
ERR657430	2361466	1924659	81.50	5.17
ERR657431	2700946	2252870	83.41	4.87
ERR657432	2624079	2193475	83.59	4.77
ERR657433	2362405	1960201	82.97	4.90
ERR657434	1988025	1646236	82.81	4.98
ERR657435	1634292	1358374	83.12	4.97
ERR657436	1900886	1580529	83.15	4.98
ERR657437	1332945	1109847	83.26	4.78
ERR657438	1210181	1009194	83.39	4.86
ERR657439	1169154	976057	83.48	4.82
ERR657440	1286750	1066584	82.89	4.95
ERR657441	2052553	1707971	83.21	4.85
ERR657442	2033224	1677121	82.49	4.79
ERR657443	2539554	2117902	83.40	4.80
ERR657444	2986148	2493921	83.52	4.77
ERR657445	2149057	1783091	82.97	4.96
ERR657446	2393574	1996366	83.41	4.85
ERR657447	2679350	2232900	83.34	4.84
ERR657448	2626378	2189989	83.38	4.82
ERR657449	1813308	1520548	83.85	4.66
ERR657450	1154230	947343	82.08	5.23
ERR657451	905909	753847	83.21	4.87
ERR657452	1593385	1336478	83.88	4.62
ERR657453	4244629	3530830	83.18	4.90
ERR657454	3516747	2889699	82.17	5.08
ERR731344	2226564	2030269	91.18	2.13
ERR731345	2068061	1881559	90.98	2.21
ERR731346	2157234	1957690	90.75	2.27
ERR731347	2137256	1946686	91.08	2.19
ERR731348	2253237	2047721	90.88	2.26
ERR731349	2153224	1958257	90.95	2.22
ERR731350	2254599	2052397	91.03	2.20
ERR731351	2375992	2163981	91.08	2.18
ERR731352	2264317	2058252	90.90	2.22
ERR731353	2086557	1896846	90.91	2.25
ERR731354	2055875	1873026	91.11	2.17
ERR731355	2282174	2077091	91.01	2.21
ERR731356	2522634	2300069	91.18	2.16
ERR731357	2375752	2159492	90.90	2.24
ERR731358	2348496	2136175	90.96	2.22
ERR731359	2374231	2161632	91.05	2.19
ERR731360	2297710	2091037	91.01	2.21
ERR731361	2335037	2130325	91.23	2.17
ERR731362	2472688	2246161	90.84	2.24
ERR731363	2414517	2196378	90.97	2.22
ERR731364	2407241	2186272	90.82	2.26
ERR731365	2483265	2266320	91.26	2.16
ERR731366	2340899	2132420	91.09	2.22
ERR731367	2351704	2143159	91.13	2.13
ERR731368	2342377	2133744	91.09	2.19
ERR731369	2367743	2155341	91.03	2.20
ERR731370	2288623	2082469	90.99	2.22
ERR731371	2353599	2137512	90.82	2.26
ERR731372	2922948	2670249	91.35	2.11
ERR731373	2333281	2118528	90.80	2.27
ERR731374	2284242	2077150	90.93	2.23
ERR731375	2339261	2095302	89.57	2.28
ERR731376	2190784	1993977	91.02	2.20
ERR731377	2193488	1994032	90.91	2.22
ERR731378	3133939	2879617	91.88	1.97
ERR731379	2275052	2064961	90.77	2.29
ERR731380	2415510	2191888	90.74	2.28
ERR731381	2454697	2231027	90.89	2.27
ERR731382	2420818	2196076	90.72	2.27
ERR731383	2242732	2047638	91.30	2.11
ERR731384	2335352	2127463	91.10	2.17
ERR731385	2286935	2074120	90.69	2.30
ERR731386	2166083	1962581	90.61	2.33
ERR731387	2285424	2069990	90.57	2.32
ERR731388	2375282	2148097	90.44	2.32
ERR731389	2323316	2112811	90.94	2.21
ERR731390	2300080	2081659	90.50	2.34
ERR731391	2281710	2081072	91.21	2.13
ERR731392	2289671	2092694	91.40	2.09
ERR731393	2214110	2012618	90.90	2.25
ERR731394	2134107	1936492	90.74	2.27
ERR731395	2233997	2039836	91.31	2.13
ERR731396	2283999	2073553	90.79	2.28
ERR731397	2258702	2055789	91.02	2.21
ERR731398	2302354	2092731	90.90	2.26
ERR731399	2181382	1970328	90.32	2.23
ERR731400	2333300	2121199	90.91	2.11
ERR731401	2235939	2035380	91.03	2.22
ERR731402	2229442	2032821	91.18	2.16
ERR731403	2187347	1998846	91.38	2.09
ERR731404	2180540	1979182	90.77	2.26
ERR731405	2130844	1908127	89.55	2.35
ERR731406	2017163	1837075	91.07	2.19
ERR731407	2086634	1900116	91.06	2.18
ERR731408	2152752	1951298	90.64	2.22
ERR731409	2336551	2121107	90.78	2.22
ERR731410	2197108	2000845	91.07	2.19
ERR731411	2088716	1898665	90.90	2.26
ERR731412	2119461	1933208	91.21	2.11
ERR731413	2074474	1897432	91.47	2.06
ERR731414	1873026	1706744	91.12	2.17
ERR731415	1927778	1754197	91.00	2.20
ERR731416	1978285	1799895	90.98	2.19
ERR731417	2013783	1817625	90.26	2.17
ERR731418	1943418	1770726	91.11	2.17
ERR731419	2114853	1926395	91.09	2.18
ERR731420	2106922	1918980	91.08	2.19
ERR731421	1822055	1654174	90.79	2.27
ERR731422	1775400	1615026	90.97	2.19
ERR731423	1855877	1691358	91.14	2.16
ERR731424	1951353	1781691	91.31	2.12
ERR731425	1923875	1681027	87.38	3.31
ERR731426	2062971	1876220	90.95	2.22
ERR731427	2005692	1828137	91.15	2.14
ERR731428	2308119	2101937	91.07	2.21
ERR731429	2019257	1828115	90.53	2.22
ERR731430	1903998	1734520	91.10	2.16
ERR731431	1862931	1694655	90.97	2.22
ERR731432	2102945	1914824	91.05	2.19
ERR731433	2063095	1874241	90.85	2.20
ERR731434	2239681	2036380	90.92	2.22
ERR731435	2367885	2150624	90.82	2.20
ERR731436	2295467	2091182	91.10	2.16
ERR731437	1949787	1781591	91.37	2.08
ERR731438	1869142	1707513	91.35	2.09
