run_accession	scientific_name	tax_id	sample_title
ERR731344	Salmonella enterica subsp. enterica serovar Typhi	90370	
ERR731352	Salmonella enterica subsp. enterica serovar Typhi	90370	14555_2#9
ERR731360	Salmonella enterica subsp. enterica serovar Typhi	90370	14555_2#17
ERR731365	Salmonella enterica subsp. enterica serovar Typhi	90370	
ERR731366	Salmonella enterica subsp. enterica serovar Typhi	90370	
ERR731369	Salmonella enterica subsp. enterica serovar Typhi	90370	
ERR731371	Salmonella enterica subsp. enterica serovar Typhi	90370	14555_2#28
ERR731373	Salmonella enterica subsp. enterica serovar Typhi	90370	14555_2#30
ERR731377	Salmonella enterica subsp. enterica serovar Typhi	90370	
ERR731386	Salmonella enterica subsp. enterica serovar Typhi	90370	14555_2#43
ERR731391	Salmonella enterica subsp. enterica serovar Typhi	90370	14555_2#48
ERR731400	Salmonella enterica subsp. enterica serovar Typhi	90370	
ERR731401	Salmonella enterica subsp. enterica serovar Typhi	90370	14555_2#58
ERR731402	Salmonella enterica subsp. enterica serovar Typhi	90370	
ERR731408	Salmonella enterica subsp. enterica serovar Typhi	90370	14555_2#65
ERR731422	Salmonella enterica subsp. enterica serovar Typhi	90370	14555_2#79
ERR731427	Salmonella enterica subsp. enterica serovar Typhi	90370	
ERR731434	Salmonella enterica subsp. enterica serovar Typhi	90370	14555_2#91
ERR573933	Salmonella enterica subsp. enterica serovar Typhi	90370	
ERR573939	Salmonella enterica subsp. enterica serovar Typhi	90370	
ERR573942	Salmonella enterica subsp. enterica serovar Typhi	90370	13097_1#78
ERR573949	Salmonella enterica subsp. enterica serovar Typhi	90370	13097_1#85
ERR573952	Salmonella enterica subsp. enterica serovar Typhi	90370	13103_1#4
ERR573958	Salmonella enterica subsp. enterica serovar Typhi	90370	
ERR573959	Salmonella enterica subsp. enterica serovar Typhi	90370	13103_1#11
ERR573961	Salmonella enterica subsp. enterica serovar Typhi	90370	13103_1#13
ERR573963	Salmonella enterica subsp. enterica serovar Typhi	90370	
ERR573971	Salmonella enterica subsp. enterica serovar Typhi	90370	13134_1#23
ERR657374	Salmonella enterica subsp. enterica serovar Typhi	90370	13566_1#6
ERR657388	Salmonella enterica subsp. enterica serovar Typhi	90370	
ERR657390	Salmonella enterica subsp. enterica serovar Typhi	90370	
ERR657391	Salmonella enterica subsp. enterica serovar Typhi	90370	
ERR657393	Salmonella enterica subsp. enterica serovar Typhi	90370	13566_1#25
ERR657396	Salmonella enterica subsp. enterica serovar Typhi	90370	13566_1#28
ERR657404	Salmonella enterica subsp. enterica serovar Typhi	90370	
ERR657405	Salmonella enterica subsp. enterica serovar Typhi	90370	
ERR657427	Salmonella enterica subsp. enterica serovar Typhi	90370	13566_1#59
ERR657431	Salmonella enterica subsp. enterica serovar Typhi	90370	
ERR657433	Salmonella enterica subsp. enterica serovar Typhi	90370	
ERR657435	Salmonella enterica subsp. enterica serovar Typhi	90370	13566_1#67
ERR657436	Salmonella enterica subsp. enterica serovar Typhi	90370	
ERR657438	Salmonella enterica subsp. enterica serovar Typhi	90370	
ERR657443	Salmonella enterica subsp. enterica serovar Typhi	90370	
ERR657444	Salmonella enterica subsp. enterica serovar Typhi	90370	13566_1#76
ERR657445	Salmonella enterica subsp. enterica serovar Typhi	90370	
ERR657449	Salmonella enterica subsp. enterica serovar Typhi	90370	13566_1#81
ERR657451	Salmonella enterica subsp. enterica serovar Typhi	90370	13566_1#83
ERR731356	Salmonella enterica subsp. enterica serovar Typhi	90370	
ERR731362	Salmonella enterica subsp. enterica serovar Typhi	90370	
ERR731368	Salmonella enterica subsp. enterica serovar Typhi	90370	14555_2#25
ERR731375	Salmonella enterica subsp. enterica serovar Typhi	90370	14555_2#32
ERR731380	Salmonella enterica subsp. enterica serovar Typhi	90370	14555_2#37
ERR731382	Salmonella enterica subsp. enterica serovar Typhi	90370	14555_2#39
ERR731387	Salmonella enterica subsp. enterica serovar Typhi	90370	14555_2#44
ERR731395	Salmonella enterica subsp. enterica serovar Typhi	90370	14555_2#52
ERR731399	Salmonella enterica subsp. enterica serovar Typhi	90370	14555_2#56
ERR731415	Salmonella enterica subsp. enterica serovar Typhi	90370	14555_2#72
ERR731421	Salmonella enterica subsp. enterica serovar Typhi	90370	14555_2#78
ERR731428	Salmonella enterica subsp. enterica serovar Typhi	90370	
ERR731430	Salmonella enterica subsp. enterica serovar Typhi	90370	14555_2#87
ERR731431	Salmonella enterica subsp. enterica serovar Typhi	90370	
ERR731432	Salmonella enterica subsp. enterica serovar Typhi	90370	14555_2#89
ERR731435	Salmonella enterica subsp. enterica serovar Typhi	90370	14555_2#92
ERR731438	Salmonella enterica subsp. enterica serovar Typhi	90370	14555_2#95
ERR573931	Salmonella enterica subsp. enterica serovar Typhi	90370	
ERR573935	Salmonella enterica subsp. enterica serovar Typhi	90370	
ERR573936	Salmonella enterica subsp. enterica serovar Typhi	90370	
ERR573945	Salmonella enterica subsp. enterica serovar Typhi	90370	13097_1#81
ERR573954	Salmonella enterica subsp. enterica serovar Typhi	90370	13103_1#6
ERR573957	Salmonella enterica subsp. enterica serovar Typhi	90370	13103_1#9
ERR573964	Salmonella enterica subsp. enterica serovar Typhi	90370	13134_1#16
ERR573965	Salmonella enterica subsp. enterica serovar Typhi	90370	
ERR573970	Salmonella enterica subsp. enterica serovar Typhi	90370	
ERR573973	Salmonella enterica subsp. enterica serovar Typhi	90370	13134_1#25
ERR657371	Salmonella enterica subsp. enterica serovar Typhi	90370	13566_1#3
ERR657378	Salmonella enterica subsp. enterica serovar Typhi	90370	13566_1#10
ERR657379	Salmonella enterica subsp. enterica serovar Typhi	90370	13566_1#11
ERR657386	Salmonella enterica subsp. enterica serovar Typhi	90370	
ERR657392	Salmonella enterica subsp. enterica serovar Typhi	90370	
ERR657400	Salmonella enterica subsp. enterica serovar Typhi	90370	
ERR657402	Salmonella enterica subsp. enterica serovar Typhi	90370	
ERR657408	Salmonella enterica subsp. enterica serovar Typhi	90370	13566_1#40
ERR657418	Salmonella enterica subsp. enterica serovar Typhi	90370	
ERR657421	Salmonella enterica subsp. enterica serovar Typhi	90370	13566_1#53
ERR657422	Salmonella enterica subsp. enterica serovar Typhi	90370	13566_1#54
ERR657429	Salmonella enterica subsp. enterica serovar Typhi	90370	13566_1#61
ERR657448	Salmonella enterica subsp. enterica serovar Typhi	90370	13566_1#80
ERR731350	Salmonella enterica subsp. enterica serovar Typhi	90370	
ERR731351	Salmonella enterica subsp. enterica serovar Typhi	90370	14555_2#8
ERR731353	Salmonella enterica subsp. enterica serovar Typhi	90370	
ERR731354	Salmonella enterica subsp. enterica serovar Typhi	90370	
ERR731358	Salmonella enterica subsp. enterica serovar Typhi	90370	14555_2#15
ERR731361	Salmonella enterica subsp. enterica serovar Typhi	90370	14555_2#18
ERR731367	Salmonella enterica subsp. enterica serovar Typhi	90370	14555_2#24
ERR731370	Salmonella enterica subsp. enterica serovar Typhi	90370	14555_2#27
ERR731374	Salmonella enterica subsp. enterica serovar Typhi	90370	14555_2#31
ERR731379	Salmonella enterica subsp. enterica serovar Typhi	90370	14555_2#36
ERR731383	Salmonella enterica subsp. enterica serovar Typhi	90370	
ERR731385	Salmonella enterica subsp. enterica serovar Typhi	90370	
ERR731389	Salmonella enterica subsp. enterica serovar Typhi	90370	
ERR731394	Salmonella enterica subsp. enterica serovar Typhi	90370	14555_2#51
ERR731398	Salmonella enterica subsp. enterica serovar Typhi	90370	14555_2#55
ERR731403	Salmonella enterica subsp. enterica serovar Typhi	90370	14555_2#60
ERR731404	Salmonella enterica subsp. enterica serovar Typhi	90370	14555_2#61
ERR731405	Salmonella enterica subsp. enterica serovar Typhi	90370	14555_2#62
ERR731409	Salmonella enterica subsp. enterica serovar Typhi	90370	14555_2#66
ERR731413	Salmonella enterica subsp. enterica serovar Typhi	90370	14555_2#70
ERR731414	Salmonella enterica subsp. enterica serovar Typhi	90370	14555_2#71
ERR731423	Salmonella enterica subsp. enterica serovar Typhi	90370	
ERR731426	Salmonella enterica subsp. enterica serovar Typhi	90370	14555_2#83
ERR731437	Salmonella enterica subsp. enterica serovar Typhi	90370	
ERR657369	Salmonella enterica subsp. enterica serovar Typhi	90370	
ERR657375	Salmonella enterica subsp. enterica serovar Typhi	90370	
ERR657380	Salmonella enterica subsp. enterica serovar Typhi	90370	
ERR657381	Salmonella enterica subsp. enterica serovar Typhi	90370	13566_1#13
ERR657382	Salmonella enterica subsp. enterica serovar Typhi	90370	13566_1#14
ERR657397	Salmonella enterica subsp. enterica serovar Typhi	90370	
ERR657399	Salmonella enterica subsp. enterica serovar Typhi	90370	
ERR657401	Salmonella enterica subsp. enterica serovar Typhi	90370	13566_1#33
ERR657407	Salmonella enterica subsp. enterica serovar Typhi	90370	13566_1#39
ERR657409	Salmonella enterica subsp. enterica serovar Typhi	90370	
ERR657410	Salmonella enterica subsp. enterica serovar Typhi	90370	13566_1#42
ERR657413	Salmonella enterica subsp. enterica serovar Typhi	90370	13566_1#45
ERR657415	Salmonella enterica subsp. enterica serovar Typhi	90370	13566_1#47
ERR657416	Salmonella enterica subsp. enterica serovar Typhi	90370	
ERR657426	Salmonella enterica subsp. enterica serovar Typhi	90370	
ERR657428	Salmonella enterica subsp. enterica serovar Typhi	90370	13566_1#60
ERR657442	Salmonella enterica subsp. enterica serovar Typhi	90370	13566_1#74
ERR657446	Salmonella enterica subsp. enterica serovar Typhi	90370	
ERR657450	Salmonella enterica subsp. enterica serovar Typhi	90370	13566_1#82
ERR657454	Salmonella enterica subsp. enterica serovar Typhi	90370	
ERR573929	Salmonella enterica subsp. enterica serovar Typhi	90370	
ERR573937	Salmonella enterica subsp. enterica serovar Typhi	90370	
ERR573938	Salmonella enterica subsp. enterica serovar Typhi	90370	13097_1#74
ERR573941	Salmonella enterica subsp. enterica serovar Typhi	90370	13097_1#77
ERR573950	Salmonella enterica subsp. enterica serovar Typhi	90370	13103_1#2
ERR573955	Salmonella enterica subsp. enterica serovar Typhi	90370	13103_1#7
ERR573960	Salmonella enterica subsp. enterica serovar Typhi	90370	13103_1#12
ERR573967	Salmonella enterica subsp. enterica serovar Typhi	90370	
ERR573969	Salmonella enterica subsp. enterica serovar Typhi	90370	13134_1#21
ERR731346	Salmonella enterica subsp. enterica serovar Typhi	90370	14555_2#3
ERR731347	Salmonella enterica subsp. enterica serovar Typhi	90370	
ERR731348	Salmonella enterica subsp. enterica serovar Typhi	90370	
ERR731349	Salmonella enterica subsp. enterica serovar Typhi	90370	
ERR731357	Salmonella enterica subsp. enterica serovar Typhi	90370	14555_2#14
ERR731363	Salmonella enterica subsp. enterica serovar Typhi	90370	14555_2#20
ERR731364	Salmonella enterica subsp. enterica serovar Typhi	90370	14555_2#21
ERR731372	Salmonella enterica subsp. enterica serovar Typhi	90370	14555_2#29
ERR731376	Salmonella enterica subsp. enterica serovar Typhi	90370	
ERR731384	Salmonella enterica subsp. enterica serovar Typhi	90370	14555_2#41
ERR731410	Salmonella enterica subsp. enterica serovar Typhi	90370	14555_2#67
ERR731412	Salmonella enterica subsp. enterica serovar Typhi	90370	
ERR731417	Salmonella enterica subsp. enterica serovar Typhi	90370	
ERR731418	Salmonella enterica subsp. enterica serovar Typhi	90370	14555_2#75
ERR731424	Salmonella enterica subsp. enterica serovar Typhi	90370	14555_2#81
ERR731433	Salmonella enterica subsp. enterica serovar Typhi	90370	14555_2#90
ERR657370	Salmonella enterica subsp. enterica serovar Typhi	90370	13566_1#2
ERR657372	Salmonella enterica subsp. enterica serovar Typhi	90370	13566_1#4
ERR657373	Salmonella enterica subsp. enterica serovar Typhi	90370	
ERR657376	Salmonella enterica subsp. enterica serovar Typhi	90370	
ERR657377	Salmonella enterica subsp. enterica serovar Typhi	90370	
ERR657385	Salmonella enterica subsp. enterica serovar Typhi	90370	13566_1#17
ERR657389	Salmonella enterica subsp. enterica serovar Typhi	90370	13566_1#21
ERR657395	Salmonella enterica subsp. enterica serovar Typhi	90370	
ERR657414	Salmonella enterica subsp. enterica serovar Typhi	90370	13566_1#46
ERR657417	Salmonella enterica subsp. enterica serovar Typhi	90370	13566_1#49
ERR657419	Salmonella enterica subsp. enterica serovar Typhi	90370	
ERR657425	Salmonella enterica subsp. enterica serovar Typhi	90370	
ERR657430	Salmonella enterica subsp. enterica serovar Typhi	90370	
ERR657432	Salmonella enterica subsp. enterica serovar Typhi	90370	
ERR657441	Salmonella enterica subsp. enterica serovar Typhi	90370	
ERR657452	Salmonella enterica subsp. enterica serovar Typhi	90370	
ERR657453	Salmonella enterica subsp. enterica serovar Typhi	90370	
ERR573930	Salmonella enterica subsp. enterica serovar Typhi	90370	
ERR573940	Salmonella enterica subsp. enterica serovar Typhi	90370	
ERR573943	Salmonella enterica subsp. enterica serovar Typhi	90370	13097_1#79
ERR573948	Salmonella enterica subsp. enterica serovar Typhi	90370	13097_1#84
ERR573962	Salmonella enterica subsp. enterica serovar Typhi	90370	13134_1#14
ERR573966	Salmonella enterica subsp. enterica serovar Typhi	90370	13134_1#18
ERR573968	Salmonella enterica subsp. enterica serovar Typhi	90370	13134_1#20
ERR573972	Salmonella enterica subsp. enterica serovar Typhi	90370	13134_1#24
ERR731345	Salmonella enterica subsp. enterica serovar Typhi	90370	14555_2#2
ERR731355	Salmonella enterica subsp. enterica serovar Typhi	90370	14555_2#12
ERR731359	Salmonella enterica subsp. enterica serovar Typhi	90370	14555_2#16
ERR731378	Salmonella enterica subsp. enterica serovar Typhi	90370	14555_2#35
ERR731381	Salmonella enterica subsp. enterica serovar Typhi	90370	
ERR731388	Salmonella enterica subsp. enterica serovar Typhi	90370	14555_2#45
ERR731390	Salmonella enterica subsp. enterica serovar Typhi	90370	14555_2#47
ERR731392	Salmonella enterica subsp. enterica serovar Typhi	90370	14555_2#49
ERR731393	Salmonella enterica subsp. enterica serovar Typhi	90370	
ERR731396	Salmonella enterica subsp. enterica serovar Typhi	90370	14555_2#53
ERR731397	Salmonella enterica subsp. enterica serovar Typhi	90370	14555_2#54
ERR731406	Salmonella enterica subsp. enterica serovar Typhi	90370	14555_2#63
ERR731407	Salmonella enterica subsp. enterica serovar Typhi	90370	14555_2#64
ERR731411	Salmonella enterica subsp. enterica serovar Typhi	90370	
ERR731416	Salmonella enterica subsp. enterica serovar Typhi	90370	14555_2#73
ERR731419	Salmonella enterica subsp. enterica serovar Typhi	90370	
ERR731420	Salmonella enterica subsp. enterica serovar Typhi	90370	
ERR731425	Salmonella enterica subsp. enterica serovar Typhi	90370	
ERR731429	Salmonella enterica subsp. enterica serovar Typhi	90370	
ERR731436	Salmonella enterica subsp. enterica serovar Typhi	90370	
ERR573926	Salmonella enterica subsp. enterica serovar Typhi	90370	
ERR573927	Salmonella enterica subsp. enterica serovar Typhi	90370	
ERR573928	Salmonella enterica subsp. enterica serovar Typhi	90370	
ERR573932	Salmonella enterica subsp. enterica serovar Typhi	90370	13071_1#91
ERR573934	Salmonella enterica subsp. enterica serovar Typhi	90370	13071_1#93
ERR573944	Salmonella enterica subsp. enterica serovar Typhi	90370	13097_1#80
ERR573946	Salmonella enterica subsp. enterica serovar Typhi	90370	
ERR573947	Salmonella enterica subsp. enterica serovar Typhi	90370	13097_1#83
ERR573951	Salmonella enterica subsp. enterica serovar Typhi	90370	
ERR573953	Salmonella enterica subsp. enterica serovar Typhi	90370	
ERR573956	Salmonella enterica subsp. enterica serovar Typhi	90370	13103_1#8
ERR657383	Salmonella enterica subsp. enterica serovar Typhi	90370	
ERR657384	Salmonella enterica subsp. enterica serovar Typhi	90370	
ERR657387	Salmonella enterica subsp. enterica serovar Typhi	90370	
ERR657394	Salmonella enterica subsp. enterica serovar Typhi	90370	13566_1#26
ERR657398	Salmonella enterica subsp. enterica serovar Typhi	90370	
ERR657403	Salmonella enterica subsp. enterica serovar Typhi	90370	13566_1#35
ERR657406	Salmonella enterica subsp. enterica serovar Typhi	90370	
ERR657411	Salmonella enterica subsp. enterica serovar Typhi	90370	
ERR657412	Salmonella enterica subsp. enterica serovar Typhi	90370	
ERR657420	Salmonella enterica subsp. enterica serovar Typhi	90370	13566_1#52
ERR657423	Salmonella enterica subsp. enterica serovar Typhi	90370	13566_1#55
ERR657424	Salmonella enterica subsp. enterica serovar Typhi	90370	13566_1#56
ERR657434	Salmonella enterica subsp. enterica serovar Typhi	90370	13566_1#66
ERR657437	Salmonella enterica subsp. enterica serovar Typhi	90370	13566_1#69
ERR657439	Salmonella enterica subsp. enterica serovar Typhi	90370	
ERR657440	Salmonella enterica subsp. enterica serovar Typhi	90370	
ERR657447	Salmonella enterica subsp. enterica serovar Typhi	90370	
