ERR573927	Dublin
ERR573928	Agama
ERR573929	Paratyphi C or Choleraesuis or Typhisuis
ERR573930	Dublin
ERR573931	Paratyphi C or Choleraesuis or Typhisuis
ERR573933	Saintpaul
ERR573935	Typhimurium
ERR573936	Paratyphi C or Choleraesuis or Typhisuis
ERR573937	Dublin
ERR573939	Enteritidis
ERR573940	Enteritidis
ERR573946	Dublin
ERR573951	Typhimurium
ERR573953	Dublin
ERR573958	I 35:y:l,w
ERR573963	Typhimurium
ERR573965	Typhimurium
ERR573967	Enteritidis
ERR573970	Enteritidis
ERR657369	I 4,[5],12:i:-
ERR657376	Welikade
ERR657380	Typhimurium
ERR657384	Enteritidis
ERR657386	- -:-:-
ERR657387	Typhimurium
ERR657388	Enteritidis
ERR657391	Enteritidis
ERR657392	Typhimurium
ERR657395	Typhimurium
ERR657398	Typhimurium
ERR657399	Typhimurium
ERR657400	Typhimurium
ERR657402	Typhimurium
ERR657404	Enteritidis
ERR657405	Enteritidis
ERR657406	Enteritidis
ERR657409	Typhimurium
ERR657411	Typhimurium
ERR657416	Typhimurium
ERR657418	Typhimurium
ERR657430	Enteritidis
ERR657431	Dublin
ERR657436	Typhimurium
ERR657438	Enteritidis
ERR657440	I 4,[5],12:i:-
ERR657441	Typhimurium
ERR657443	Typhimurium
ERR657445	Typhimurium
ERR731344	Typhimurium
ERR731347	Dublin
ERR731348	Enteritidis
ERR731349	Dublin
ERR731353	Typhimurium
ERR731354	Enteritidis
ERR731362	Typhimurium
ERR731376	Typhimurium
ERR731377	Durban
ERR731381	Typhimurium
ERR731383	Typhimurium
ERR731400	Enteritidis
ERR731402	Virchow
ERR731411	Virchow
ERR731412	Agama
ERR731417	Typhimurium
ERR731420	Enteritidis
ERR731423	Dublin
ERR731425	Enteritidis
ERR731428	Typhimurium
ERR731431	I 4,[5],12:i:-
ERR731437	Typhimurium
