run	variants	frac_genome_called	raw_vcf_calls
ERR573926	793	0.9670	2412
ERR573927	49327	0.8795	51165
ERR573928	51539	0.8655	53080
ERR573929	49457	0.8806	51187
ERR573930	49390	0.8801	51063
ERR573931	49477	0.8806	51201
ERR573932	581	0.9688	2404
ERR573933	48052	0.8713	49794
ERR573934	797	0.9670	2507
ERR573935	31561	0.8876	72826
ERR573936	49532	0.8811	51245
ERR573937	49239	0.8783	51020
ERR573938	585	0.9674	2459
ERR573939	48338	0.8725	50093
ERR573940	48790	0.8757	50295
ERR573941	527	0.9690	2274
ERR573942	535	0.9694	2282
ERR573943	576	0.9683	2433
ERR573944	581	0.9686	2507
ERR573945	531	0.9666	2419
ERR573946	48785	0.8757	50673
ERR573947	565	0.9682	2820
ERR573948	560	0.9682	2976
ERR573949	562	0.9682	3013
ERR573950	591	0.9690	2180
ERR573951	48631	0.8778	50353
ERR573952	586	0.9689	2227
ERR573953	49240	0.8787	51016
ERR573954	587	0.9687	2287
ERR573955	570	0.9686	2575
ERR573956	597	0.9690	2170
ERR573957	581	0.9688	2272
ERR573958	48160	0.8641	50020
ERR573959	568	0.9685	2615
ERR573960	595	0.9674	2456
ERR573961	791	0.9670	2323
ERR573962	483	0.9696	2385
ERR573963	48342	0.8756	50032
ERR573964	792	0.9671	2415
ERR573965	48347	0.8757	50072
ERR573966	592	0.9690	2345
ERR573967	48571	0.8725	50289
ERR573968	559	0.9674	2318
ERR573969	587	0.9689	2351
ERR573970	48587	0.8744	50410
ERR573971	593	0.9686	2251
ERR573972	789	0.9670	2476
ERR573973	586	0.9690	2356
ERR657369	48189	0.8753	48820
ERR657370	591	0.9681	1006
ERR657371	591	0.9682	1000
ERR657372	583	0.9686	932
ERR657373	599	0.9679	933
ERR657374	601	0.9679	931
ERR657375	543	0.9688	904
ERR657376	54680	0.8608	55266
ERR657377	426	0.9689	759
ERR657378	593	0.9678	1007
ERR657379	572	0.9686	891
ERR657380	48185	0.8750	48908
ERR657381	576	0.9686	908
ERR657382	576	0.9686	891
ERR657383	535	0.9688	939
ERR657384	48450	0.8729	49148
ERR657385	356	0.9698	1166
ERR657386	51651	0.1821	52844
ERR657387	48217	0.8753	48938
ERR657388	48557	0.8757	49273
ERR657389	577	0.9686	904
ERR657390	583	0.9661	984
ERR657391	48443	0.8729	49148
ERR657392	48199	0.8750	48901
ERR657393	586	0.9681	981
ERR657394	595	0.9682	993
ERR657395	47505	0.8722	48795
ERR657396	602	0.9682	1009
ERR657397	602	0.9679	902
ERR657398	48767	0.8796	49513
ERR657399	48172	0.8754	48887
ERR657400	48163	0.8753	48918
ERR657401	593	0.9678	946
ERR657402	48180	0.8753	48909
ERR657403	595	0.9679	926
ERR657404	48367	0.8728	49129
ERR657405	48385	0.8726	49089
ERR657406	48552	0.8755	49273
ERR657407	588	0.9681	964
ERR657408	588	0.9678	906
ERR657409	48156	0.8753	48932
ERR657410	593	0.9681	1016
ERR657411	48193	0.8754	48925
ERR657412	588	0.9681	992
ERR657413	594	0.9681	1032
ERR657414	596	0.9681	1012
ERR657415	585	0.9681	992
ERR657416	48180	0.8755	48961
ERR657417	591	0.9671	903
ERR657418	48200	0.8755	48931
ERR657419	594	0.9681	1013
ERR657420	517	0.9686	835
ERR657421	592	0.9681	1008
ERR657422	589	0.9681	1008
ERR657423	577	0.9686	916
ERR657424	606	0.9678	951
ERR657425	537	0.9687	930
ERR657426	593	0.9681	1037
ERR657427	537	0.9688	907
ERR657428	582	0.9681	957
ERR657429	591	0.9681	987
ERR657430	48495	0.8752	49209
ERR657431	49218	0.8797	49998
ERR657432	541	0.9687	933
ERR657433	590	0.9680	1034
ERR657434	561	0.9684	941
ERR657435	587	0.9675	1052
ERR657436	48048	0.8747	48803
ERR657437	562	0.9681	1130
ERR657438	47932	0.8701	48935
ERR657439	508	0.9680	1373
ERR657440	47733	0.8729	48726
ERR657441	47965	0.8745	49184
ERR657442	423	0.9685	1098
ERR657443	48213	0.8755	48950
ERR657444	579	0.9687	904
ERR657445	48120	0.8751	48843
ERR657446	536	0.9687	915
ERR657447	591	0.9682	908
ERR657448	585	0.9681	988
ERR657449	591	0.9679	1035
ERR657450	547	0.9669	21265
ERR657451	549	0.9664	1589
ERR657452	527	0.9684	1045
ERR657453	590	0.9662	984
ERR657454	601	0.9683	983
ERR731344	48200	0.8755	48954
ERR731345	421	0.9689	784
ERR731346	590	0.9682	1032
ERR731347	49233	0.8802	50072
ERR731348	48523	0.8753	49263
ERR731349	49220	0.8797	50031
ERR731350	599	0.9682	1046
ERR731351	603	0.9682	1039
ERR731352	590	0.9682	1039
ERR731353	48150	0.8753	48903
ERR731354	48364	0.8724	49086
ERR731355	596	0.9682	1048
ERR731356	596	0.9683	1016
ERR731357	541	0.9688	860
ERR731358	851	0.9382	1199
ERR731359	598	0.9679	945
ERR731360	775	0.9662	1162
ERR731361	556	0.9666	1005
ERR731362	47930	0.8708	48638
ERR731363	589	0.9682	1035
ERR731364	603	0.9682	1050
ERR731365	603	0.9680	924
ERR731366	602	0.9682	1025
ERR731367	564	0.9685	1007
ERR731368	773	0.9662	1190
ERR731369	542	0.9679	875
ERR731370	589	0.9682	1149
ERR731371	593	0.9657	918
ERR731372	546	0.9689	880
ERR731373	594	0.9682	2680
ERR731374	606	0.9682	1050
ERR731375	594	0.9682	1027
ERR731376	48728	0.8794	49490
ERR731377	54439	0.8645	55021
ERR731378	597	0.9683	1018
ERR731379	590	0.9682	959
ERR731380	602	0.9682	1029
ERR731381	48244	0.8757	48973
ERR731382	590	0.9682	1024
ERR731383	48169	0.8748	48922
ERR731384	557	0.9667	1001
ERR731385	505	0.9694	55779
ERR731386	591	0.9682	1027
ERR731387	588	0.9682	1026
ERR731388	474	0.9687	1317
ERR731389	536	0.9688	941
ERR731390	603	0.9682	1029
ERR731391	604	0.9679	969
ERR731392	593	0.9682	1013
ERR731393	861	0.9687	1229
ERR731394	589	0.9681	1047
ERR731395	535	0.9688	953
ERR731396	589	0.9679	923
ERR731397	585	0.9682	1036
ERR731398	602	0.9682	1055
ERR731399	600	0.9679	927
ERR731400	47953	0.8708	48773
ERR731401	312	0.9692	1477
ERR731402	47778	0.8603	48539
ERR731403	529	0.9688	968
ERR731404	583	0.9681	967
ERR731405	589	0.9682	1018
ERR731406	612	0.9659	1383
ERR731407	600	0.9679	955
ERR731408	555	0.9666	972
ERR731409	558	0.9667	991
ERR731410	594	0.9682	1029
ERR731411	47975	0.8687	48730
ERR731412	51179	0.8655	51800
ERR731413	595	0.9682	1003
ERR731414	590	0.9681	1034
ERR731415	564	0.9675	934
ERR731416	584	0.9661	984
ERR731417	30941	0.8834	71054
ERR731418	591	0.9681	1027
ERR731419	575	0.9686	932
ERR731420	48519	0.8753	49237
ERR731421	595	0.9681	1061
ERR731422	583	0.9681	1072
ERR731423	49371	0.8808	50216
ERR731424	582	0.9681	1044
ERR731425	48316	0.8722	49095
ERR731426	585	0.9681	1038
ERR731427	534	0.9688	873
ERR731428	47852	0.8720	48544
ERR731429	592	0.9681	1030
ERR731430	593	0.9678	924
ERR731431	48123	0.8749	48813
ERR731432	552	0.9666	1027
ERR731433	587	0.9682	1051
ERR731434	571	0.9659	965
ERR731435	530	0.9688	963
ERR731436	598	0.9682	1009
ERR731437	48136	0.8753	48892
ERR731438	593	0.9678	957
